id,created_at,retweet_count,source,user_id,user_name,user_description,user_follower_count,user_friends_count,user_location,user_verified,user_url,tweet,length_of_tweet
1321732330663243776,2020-10-29 08:35:18,0,Twitter Web App,1001422488486658049,catboy halloween â˜† comms ğŸ“Œ,"peko|she/her|19, #CATBOYTIME
art: https://t.co/WuxZzYNxll",345,259,Hong Kong,False,https://t.co/acmAF7eXsH,just want to be neet but society forces me to contribute :(,59
1321731701819625472,2020-10-29 08:32:48,0,Twitter for Android,1265081263624462338,Karma // Shatakshi is â™¥,low-key wanna unexist (she/her),628,187,,False,https://t.co/s4VcCgpngT,"If only it was Shrey instead of Shoaib, everyone would've been happy. Seriously, this rule was set up by the damn câ€¦ https://t.co/WCKfq8mvFz",140
1321731682697793537,2020-10-29 08:32:44,0,Twitter Web App,1275442002516013056,æµªäºº,"WW ii veteran (Azad Hind) , Gold Nova II (retd) ,MARCOS ( ğŸ”œ) #harkaamdeshkenaam  ""Fortis Fortuna Adiuvat"" âš”ï¸",46,92,San Andreas,False,,"@ShuchiRecites sure, ill just share it to my Juniors who are preparing for neet !",81
1321731033176289281,2020-10-29 08:30:09,0,Twitter for Android,3850751173,Mahendra Singh,"Cricket, movies and Running. 
Tax and Economic Offences lawyer.  RTs not endorsement.",46,338,New Delhi,False,,@samipmohan Absolutely. The ranking is as per NEET criteria. It doesn't even matter for both of them as both will be classmates. ğŸ˜…,130
1321731005875716096,2020-10-29 08:30:03,0,SocialFlow,20751449,The Hindu,News feeds from India's National Newspaper,6490559,206,"Chennai, India",True,http://t.co/s1JTQu1K46,"In the light of the doubts cast over the evaluation system of NEET-2020, a former academic writes about why it is iâ€¦ https://t.co/S6gXAxQ393",140
1321730934744383488,2020-10-29 08:29:46,0,Twitter for iPhone,1286624295012061184,umsğŸº,ğ˜µğ˜©ğ˜ªğ˜´ ğ˜¢ğ˜¤ğ˜¤ğ˜°ğ˜¶ğ˜¯ğ˜µ ğ˜ªğ˜´ ğ˜¥ğ˜¦ğ˜¥ğ˜ªğ˜¤ğ˜¢ğ˜µğ˜¦ğ˜¥ ğ˜µğ˜° ; ìŠ¤íŠ¸ë ˆì´í‚¤ì¦ˆğŸ¤,1348,1543,mulfan â€”â€” 03â€™,False,https://t.co/poFgn4wMlX,@straycell yas we neet itğŸ˜”,26
1321730907548639232,2020-10-29 08:29:39,0,Twitter for Android,1094035528113160193,david ğŸ¹,"my name is david (he/him) im 22 i write stuff




dm me to buy my chapbook//hit my link to buy my music",415,552,da deep end,False,https://t.co/ZAJ1Mfs0Ic,@percneet Gn Neet,17
1321729991525036032,2020-10-29 08:26:01,0,Twitter Web App,308329253,radha raju,à¤¤à¥‡à¤¨ à¤¤à¥à¤¯à¤•à¥à¤¤à¥‡à¤¨ à¤­à¥à¤à¥à¤œà¥€à¤¥à¤¾...Do not covet possession of others....Rejoice in Giving.. RTs are not always an endorsement,16038,580,,False,,@Cawnporiaah oh sorry that was NEET...deleting the tweet,56
1321729864295047168,2020-10-29 08:25:30,1,Twitter for Android,1318577240066711554,Abhinav Singh,NEET Aspirant,0,17,"Madhya Pradesh, India",False,,@DrRPNishank Sir mere NEET K result mai 15 se 20 marks kam show ho rae hai..  Maine OMR bhi check kar li sir.. Plss help @DrRPNishank,133
1321729742681223169,2020-10-29 08:25:01,0,Twitter Web App,1161911570609217538,Vignesh,"Pardon my Tamil and Autocorrect. à®¨à®¾à®©à¯ à®•à¯†à®Ÿà¯à®Ÿ à®µà®¾à®°à¯à®¤à¯à®¤à¯ˆ à®ªà¯‡à®šà¯à®µà¯‡à®©à¯. à®ªà®¾à®¤à¯à®¤à¯à®•à¯à®•à¯à®™à¯à®•..â€Œâ€Œ. If you feel I am spamming you, feel free to block me.",112,4,,False,https://t.co/XbTlPgj7IU,@SaveHindus4 @realitycheckind 2019 in TN was not pro congress or pro DMK. It was anti modi and anti-bjp. Do u rememâ€¦ https://t.co/YPswE35fyM,140
1321728602816172032,2020-10-29 08:20:30,0,Twitter Web App,1297324029502685184,Anvita Singh,,9,23,,False,,@DrRPNishank @narendramodi @AmitShah @PMOIndia @HMOIndia @transformIndia @mygovindia @EduMinOfIndia @PIB_Indiaâ€¦ https://t.co/iYmpjNBLhQ,135
1321728476974493698,2020-10-29 08:20:00,0,twittbot.net,847203686,C-NEET International,"Labors are the running dog of capitalism. NEET is a lonely warrior. We are the heart and soul of the world's NEET. Comrades, it's the time to unite together.",116,22,In front of my desktop PC,False,https://t.co/ehT83J78eC,It's fun to raise the vegetables. Let's become a gardening NEET!,64
1321728365670387712,2020-10-29 08:19:33,0,Twitter Web App,926307440550907905,andy milonakis gf,ğŸ”ğŸ” lolifuck vampire ğŸ˜¤âš° precocious n dogged ğŸ’ªğŸ˜‡ goredyke adjacent â˜£ğŸ’‰ kidwife,213,72,"Sisconsin, USA",False,https://t.co/ixzNVS7pJO,sometimes you are a neet ordering two buckets of kfc and a fanta to eat at 1am and you can monetize it via vore asmâ€¦ https://t.co/YVOTeO8fnl,140
1321727633588064257,2020-10-29 08:16:39,0,Twitter Web App,1307585274956845056,Monsieur le Baron,"Welcome to McComrades, today we have 2 for $5 Big Marx. I'm Lovin' It, Comrade.
Monarcho-Communist, read my brainings: https://t.co/xpDuPwFRe3",276,215,"mars, the red planet",False,https://t.co/9qE2eI3fA6,"@acczibit https://t.co/mKcaGuD7ej
An example of spook grooming. The parents are basically like ""are you winnin' sonâ€¦ https://t.co/6BpoM57HGV",140
1321727157849088005,2020-10-29 08:14:45,5,Twitter for Android,97847770,Vivek pandey,"Social & Political Activist â€¢ Whistleblower â€¢NEET issues expert â€¢
MBBS â€¢ YouTuber: â€¢ Intrested In Law & Anceint India History â€¢ Writer â€¢ Teacher â€¢ RTI Activist",3858,138,India,False,https://t.co/joU8IkfT6l,"This is old post,
This year lakhs of students tried to talk to you about their problems in exams. Like postponementâ€¦ https://t.co/8S2GqXr2Kb",140
1321727147933794304,2020-10-29 08:14:43,0,Twitter for Android,804555141991071744,Aadil nabi mir,"every part of my body ,every drop of my blood is to serve humanity
i believe in the fact that humanity pays in long run 
#SHOW HUMANITY #SHARE LOVE",5,159,Kashmir,False,,@DrRPNishank When will NEET 2021 Happen please answer,53
1321726932522688513,2020-10-29 08:13:51,0,Periscope,1081536654530220032,DKS Academy-Live,,16,14,,False,,Live Meeting with Prof. Dilip Kumar@ NEET 2020 Counselling Procedure ( Revise) https://t.co/N9hjUhvDor,102
1321726787206877184,2020-10-29 08:13:17,0,Twitter Web App,522014262,Rao IIT Academy,"Leading Coaching Institute for preparation of IIT JEE Main & Advanced, AIIMS & NEET, Boards, KVPY, NTSE & Olympiads for Std 6th to 12th.",264,120,"Mumbai, India",False,http://t.co/hn4exE5w46,"Rao Live Launching ONE TO ONE Online Interactive Courses for JEE, NEET, Boards, Pre-Foundation. Most effective Teacâ€¦ https://t.co/L0INcCBPMe",140
1321726582566780929,2020-10-29 08:12:28,0,Twitter for Android,1138354030004936704,Anil Jain,Anil Jain pharmacist samvad data jagruk Janta network,0,15,"Jaipur, India",False,,@ashokgehlot51 Neet 2021 exam ka latest update  kya h,53
1321726578892566528,2020-10-29 08:12:27,0,Twitter for iPhone,3239785609,Dr.Ajay Mohan,"Surgeon from AIIMS Delhi ,Author of Best sellers (NEET/AIIMS), Social Activist, Representative of RDA AIIMS",2120,297,"New Delhi, India",False,https://t.co/bjpvXfkyme,"Video simplifying NEET Counseling procedures 

https://t.co/u2UUsZ3Qks",70
1321726411611144192,2020-10-29 08:11:47,0,Twitter for iPhone,1291490397978365952,Aliceâ„ï¸,she/her | 16 | taken by @just_a_goos2 | vent account: @Al1celocked | dms open | i love rem,465,343,,False,,Itâ€™s tough being a NEET ngl,27
1321725846579679233,2020-10-29 08:09:32,0,Instagram,211422618,M S LAKRA,PHYSICS MADE EASY https://t.co/t39m1AmOCB,510,1775,"kota, rajasthan,india",False,https://t.co/npDSUFau0k,GENETIC FOR NEET AND AIIMS https://t.co/k0ww5b6K8F,50
1321725391145439237,2020-10-29 08:07:44,0,Twitter for Android,890568127716757508,bean yoda,use the Force Harry - Obama Bin Kenobi,1,32,,False,,@m4d0t5uki Dafuq is a neet?,27
1321725268713590786,2020-10-29 08:07:15,1,Twitter for Android,1087893234800574464,Shaheen Group of Institutions,Official Twitter handle of Shaheen Group of Institutions,547,41,"Bidar, India",False,https://t.co/KwyjtTazQu,We are happy to announce that 400+ Students are expected to get free government MBBS Seats from a Single Campus (Biâ€¦ https://t.co/TqrVOpoKA6,140
1321724952991703041,2020-10-29 08:05:59,0,Twitter for Android,1784468444,â˜€ï¸ğŸŒ²,"Diversity, liberty, equality. Choose one.",358,377,Hyperborea,False,,@watchdogsgame London has already fallen,40
1321724587713781763,2020-10-29 08:04:32,0,Twitter for Android,959650734118719490,Davood.,"IAS Aspirant. | I will rule the world, just let me finish the one more line of code.| Politics, coding at @ilovecodingorg , Culture. #WERESISTS.",74,211,,False,https://t.co/JOtLNfrZ2y,"JEE exam topper has been arrested for using proxy to cheat in exam. 
https://t.co/ftBbgs1hrW
#JEE #NEET #nta #arrested",118
1321723725922750464,2020-10-29 08:01:07,2,Twitter for Android,116356889,Oxomiya Jiyori ğŸ‡®ğŸ‡³,"Honoured to be followed by PM Narendra Modi ji. Nationalist from Assam, #IndiaFirst, Activist, Writer, Analyst, Defence. Allergic to Ittar. No personal question",46306,43,,False,,Yogi Adityanath asks chief secretary to write to NTA asking for Akanksha Singh to be declared topper with Soyeb Aftâ€¦ https://t.co/TVtWD2k9NV,140
1321723614991929345,2020-10-29 08:00:40,0,Instagram,211422618,M S LAKRA,PHYSICS MADE EASY https://t.co/t39m1AmOCB,510,1775,"kota, rajasthan,india",False,https://t.co/npDSUFau0k,"ELECTROCHEMISTRY FOR IIT JEE MAINS AND ADVANCE AND NEET AIIMS
lakra02390239@gmail.com https://t.co/jYS3JMhLoP",109
1321723448658259969,2020-10-29 08:00:01,102,TweetDeck,74980737,OpIndia.com,"News and opinions website, bringing the right side of India to you.",470719,128,New Delhi,True,https://t.co/61RZ89DYwJ,Yogi Adityanath asks chief secretary to write to NTA asking for Akanksha Singh to be declared topper with Soyeb Aftâ€¦ https://t.co/duyCJ56YxT,140
1321723141853376512,2020-10-29 07:58:48,0,Twitter for Android,1213760063950577666,siva kumar,my life is my brother,72,81,,False,,"Hello friends
 I have the small doubt that
When the exam of neet 2021 ? 
@narendramodi #postponecaexams #hrdminister @hrdminister",129
1321722961125019650,2020-10-29 07:58:05,0,Twitter Web App,2326524182,Beal McGrewer,"~â™¥â€ à² _à² â€ â™¥~I'm a loyal lewd nerd. #OpenDMs Talk to me anytime, anywhere. ~â™¥â€ à² _à² â€ â™¥~ Discord: McGrewer#1531",276,415,"Tucson, AZ",False,https://t.co/wTWt0fGrsC,"I like to think I'm a bit better than a typical NEET, but I'm basically a NEET, aren't I? I can't have homeless beâ€¦ https://t.co/Im1YCQaJNH",139
1321722571201650688,2020-10-29 07:56:32,0,IFTTT,1008339212351909888,Eduport,INDIA's NO.1 EDUCATIONAL PORTAL,349,1,,False,https://t.co/ZJTNay7Lwt,"AFMC MBBS 2020: Application Form (Started), Dates, Eligibility Criteria https://t.co/o6z880zcjo

AFMC MBBS 2020 Regâ€¦ https://t.co/2a7pd2EHUS",140
1321722535944347648,2020-10-29 07:56:23,0,IFTTT,1008339212351909888,Eduport,INDIA's NO.1 EDUCATIONAL PORTAL,349,1,,False,https://t.co/ZJTNay7Lwt,"AIIMS MBBS 2020: Application Form, Eligibility Criteria, Exam Dates https://t.co/o3dcylmk9H

AIIMS MBBS 2020Â exam hâ€¦ https://t.co/DF2X2fvEvq",140
1321722511260868608,2020-10-29 07:56:17,0,IFTTT,1008339212351909888,Eduport,INDIA's NO.1 EDUCATIONAL PORTAL,349,1,,False,https://t.co/ZJTNay7Lwt,"NEET 2020: Counselling (Started), Result, Merit List, Cut Off https://t.co/YvvYIvebkO

NEET 2020 Counselling has beâ€¦ https://t.co/7xDgN1ytlV",140
1321722503534911488,2020-10-29 07:56:15,0,IFTTT,1008339212351909888,Eduport,INDIA's NO.1 EDUCATIONAL PORTAL,349,1,,False,https://t.co/ZJTNay7Lwt,"NEET 2020 Counselling (Started) â€“ Check MCC NEET UG Counselling https://t.co/XSowvx2GO3

NEET 2020 Counselling hasâ€¦ https://t.co/MKHdl2Jzj6",139
1321721886187745280,2020-10-29 07:53:48,0,Twitter for iPhone,722380542549725188,Medicina Interna,Morsmordre...!,685,570,The Marauders Map,False,,"Statement is strong. But will this prevail in our fight in NEET SS? Letâ€™s see. 
#noreservationinneetss https://t.co/JBl7Q116cb",126
1321721844131536896,2020-10-29 07:53:38,0,Twitter Web App,212484892,"100 % FOLLOW BACK,NO ABUSE LEST AM MORE ABUSIVE",,427,803,India,False,,@timesofindia @IndiaToday @ndtv @abpnewshindi @ndtvindia @IndianExpress @EduMinOfIndia @Minister_Edu @DrRPNishank Sâ€¦ https://t.co/Xwp2I3nvlP,140
1321721337551859713,2020-10-29 07:51:37,0,TweetDeck,2264849412,The Logical Indian,"Handpicked, newsworthy stories which deserve the attention of a rational generation.
https://t.co/u8aJrTvzxw",87570,2060,India,True,https://t.co/EFvW00maHj,"In NEET 2020, two people Soyeb Aftab and Akanksha Singh scored 720 out of 720. Now, out of the four NEET tie breakeâ€¦ https://t.co/q3wUfG2K4o",140
1321721301711515648,2020-10-29 07:51:29,0,TweetDeck,2264849412,The Logical Indian,"Handpicked, newsworthy stories which deserve the attention of a rational generation.
https://t.co/u8aJrTvzxw",87570,2060,India,True,https://t.co/EFvW00maHj,"This announcement came, a day after the CM met Akanksha to congratulate her on getting 100  per cent in NEET exams.",115
1321720789826228230,2020-10-29 07:49:27,0,Twitter for Android,287026955,Lest we forget,My passion - Marketing and social commentary (people at heart),201,187,,False,,"@MohauHlonyana @Kels18area Leader surely you mean - tax optimisationğŸ˜‚ğŸ˜. ""Avoidin tax"" is illegal. Good news is youâ€¦ https://t.co/RbeJS9ylXQ",139
1321720623454851072,2020-10-29 07:48:47,1,Twitter Web App,1111214076024274944,IITP,,49,121,,False,,We are glad to inform you that #ENTRANCEMASTERS has been awarded as Top Coaching Institute in #NEET &amp; #IITPK has beâ€¦ https://t.co/vdCrJl0tJq,144
1321720113549045760,2020-10-29 07:46:46,0,Twitter for iPhone,614203206,Stay@happy,I am here to avoid my friends on Facebook. Not a Social Media Expert. Nationalist and Modi Jiâ€™s Fan.,1230,447,Dreams,False,,UP CM Yogi directed officials to approach National Testing Agency (NTA) for declaring Akanksha Singh as the topperâ€¦ https://t.co/MGI4Iey6F5,139
1321719847143665664,2020-10-29 07:45:42,0,Twitter for Android,1261204995430477824,Varuniac â™¡,"â—¦â€¢â—‰âœ¿ Tum jahan miloge, Jana wahi tak hai âœ¿â—‰â€¢â—¦",227,168,In Dreams with VD,False,https://t.co/a2gxdldzK8,@ShuchiRecites Yes but Neet 2022,32
1321719778671763456,2020-10-29 07:45:26,0,"Cheap Bots, Done Quick!",778305113316143104,LNTitles,,33,0,,False,,My cute mom can't be a NEET!,28
1321719641597599745,2020-10-29 07:44:53,0,Twitter Web App,1318477040547287040,CollegeClue,Study Abroad Platform,3,7,New Delhi,False,https://t.co/QS37ABF9q4,"Dear Students 
We can take admission without NEET in selected universities at Collegeclue:- 

For more info:
Call ğŸ“â€¦ https://t.co/EZSEx0pWha",140
1321718898891218944,2020-10-29 07:41:56,0,Twitter Web App,1255417178691645440,Madras MOHANDAS,"Out of Box Thinker, Social Architect, Helping Hand to Society, INDIAN with Global Outlook, Madrasi.",7,190,600028,False,,"@sumanthraman JEE proxy after NEET proxy, which is still in investigation. What a country / people.",99
1321718447789600769,2020-10-29 07:40:08,0,Twitter Web App,1273981217625583618,Vidyamandir Classes Chennai,"Vidyamandir Classes Chennai , is one of the trusted brands for preparation of IIT-JEE with disciplined teaching methodology & high level of student satisfaction",5,3,Chennai,False,https://t.co/HgQadtIB0G,"Tag a friend who is a #JEE / #NEET Aspirant who needs to register for #VIQ, the biggest intellect quest of the yearâ€¦ https://t.co/elRbWiw4nd",140
1321717910956503040,2020-10-29 07:38:00,0,Twitter for Android,1301476811772026882,Amit Tiwari,"Passionate about Orthodontics
Will notice your smile 
Hates malocclusion",3,42,,False,,@frustayadoctor ğŸ˜‚ğŸ˜‚ğŸ˜‚just saw a 1st year pg(with some 20000 rank in neet)  nibbi story on insta flaunting fake opd caâ€¦ https://t.co/jF2ploKc7z,140
1321717498736123905,2020-10-29 07:36:22,0,Twitter for Android,1293231814291595264,Hardik Agarwal,,7,2,,False,,"@GouravMutneja Because we are professionals and have to study.

It doesn't mean exams should be held without any prâ€¦ https://t.co/YO8QhILvoJ",140
1321717348139782145,2020-10-29 07:35:46,0,Instagram,211422618,M S LAKRA,PHYSICS MADE EASY https://t.co/t39m1AmOCB,510,1775,"kota, rajasthan,india",False,https://t.co/npDSUFau0k,"MATTER WAVE FOR IIT JEE MAINS AND ADVANCE AND NEET AIIMS
lakra02390239@gmail.com https://t.co/4u7K6lHdK0",104
1321717262399664131,2020-10-29 07:35:26,0,Twitter Web App,3925785374,ã‚«ãƒ„!!,"Umu, I like anime , manga, game, tokusatsu, making scribble and random things",60,138,Moe Island ,False,https://t.co/jk7ilH43PS,@neet_ryu Thanks,16
1321716981947535361,2020-10-29 07:34:19,0,Twitter for iPhone,1204690078049521666,ğ’˜ğ’†ğ’šğ’ áµ•Ìˆ Êœá´á´á´‡â¨ŸÊ€á´œÉ´,"â•°â”€ - Í€Ì—â™¡ âœ #WONHAO: ğ£ğ®ğ¬ğ­ ğ›ğ ğ²ğ¨ğ®ğ«ğ¬ğğ¥ğŸ, ğ°ğ¡ğšğ­ ğšğ«ğ ğ²ğ¨ğ® ğ¬ğ¨ ğ°ğ¨ğ«ğ«ğ¢ğğ ğšğ›ğ¨ğ®ğ­ * Ëš âœ¦ enfj-t â€¢ est '02 â€¢ ğŸ’âˆ",463,966,ğŸ‡µğŸ‡­//dvo â€¢ she/her,False,,@eternitaeree bibi rika fighting!!!! msg lang if u neet helpğŸ˜‰â¤ï¸,63
1321716175735193600,2020-10-29 07:31:07,0,Twitter Web App,1284972437134700545,Massive Mage,"THE fat shitposter extraordinaire || ğŸ”, minors do not interact || he/him",549,383,your local blob gf's navel,False,,"especially if it's shit like cystic acne like what the fuck buddy

i might be into room-filling slobs that cause glâ€¦ https://t.co/W1tCQgGoKc",140
1321716002774683651,2020-10-29 07:30:26,0,Twitter for Android,1315172895811727361,Chetan,,3,89,,False,,@Ahmedshabbir20 hmmm... now u know y they were agst NEET.,57
1321715637035528192,2020-10-29 07:28:58,0,Twitter Web App,1257256819195551744,DLM|ğŸ–¤ğŸ¤ğŸ’œ|HERini isnt studyn' anytime soon so she,just here to olar ||-//,264,242,nadu theru,False,https://t.co/kqZ4iCLW7Q,"this is bigotry! he's older than her, and that's how neet tie-breaker ranking works https://t.co/0wWpAiAbK5",107
1321715514436014080,2020-10-29 07:28:29,1,Twitter Web App,1296404389075144705,Manisha Kondla,,67,212,,False,,"Assam MBBS Fees-2020 https://t.co/RbVWWXzENd 
For more info visit our website and check all the details, It is veryâ€¦ https://t.co/Fu9tDk8cwS",140
1321715175724998656,2020-10-29 07:27:08,0,Twitter Web App,1294106031522369536,Indra Hatpins,"aspiring author/poet. first and foremost, I'm a rational and then a human.",60,129,,False,,@Chauhan10A @vivekagnihotri it's been the logic of NEET since it started.same logic applies to all competitive examâ€¦ https://t.co/2H009vk72V,140
1321715142502031363,2020-10-29 07:27:00,0,Twitter for Android,1250012193065766918,Damla,,1222,1102,,False,https://t.co/cyy8YJy0c2,@vevoDuman Neet..,17
1321715051082903553,2020-10-29 07:26:39,0,Twitter Web App,1283215202826113024,Soni's study,"Believe in yourselfğŸ¤ğŸ¤#would be teacher#
Here you get the series of cdp for preparation of ctet &all state tets
.For more videos plz visit my you tube channel",0,18,,False,https://t.co/pIi3esI0gC,"@CMOPb 
 #askcaptain 
Sir m ett 2nd year di student ha...jina de exam sept.vich ho jande h but ess wari Oct. v jaanâ€¦ https://t.co/9zxNShSsmo",140
1321714947114504192,2020-10-29 07:26:14,0,Twitter for Android,1236320762480324609,Shuchi Saxena ğŸ¦,DRDO aspirant ğŸ‡®ğŸ‡³ â€¢ Poet and Quotes Creator âœğŸ» â€¢ Hrithik Roshan's admirer ğŸ¤— â€¢ Sanatan Dharm ğŸ•‰ï¸ â€¢ Maturity is to realize that everywhere is Politics ğŸ™‚,1041,495,Official Father of Pakistan,False,https://t.co/R7s8qVjeVz,@imabi25 I need to share YT link to all NEET aspirations. This channel is made for NEET aspirants. I want to know iâ€¦ https://t.co/QMBH5s4kP8,140
1321714631635730432,2020-10-29 07:24:59,0,Twitter Web App,1257569594006548480,Harini Mehrotra,"Student, Taken drop to prep for JEE and NEET",2,6,,False,,"@ANINewsUP #NEET To all those stating that Aakansha must be given first rank because sheâ€™s younger, that is not truâ€¦ https://t.co/f7voPOgInP",140
1321714613877006337,2020-10-29 07:24:54,6,Twitter for Android,97847770,Vivek pandey,"Social & Political Activist â€¢ Whistleblower â€¢NEET issues expert â€¢
MBBS â€¢ YouTuber: â€¢ Intrested In Law & Anceint India History â€¢ Writer â€¢ Teacher â€¢ RTI Activist",3858,138,India,False,https://t.co/joU8IkfT6l,"â—†In #NEET one new scam is going on that is #MBBS pre seat booking
A/C to your marks you will get different packagesâ€¦ https://t.co/nliZJLDomz",140
1321714343931568128,2020-10-29 07:23:50,0,Twitter Web App,1103684327987007488,Shahil Ahmed,"NEET Aspirant. I express here whatever I honestly feel. Views personal.

Link to my Instagram:",161,176,,False,https://t.co/Lt7al1PTvI,"@himantabiswa sir, it has already been more than 10 days the #NEET results have been declared. When will DME releasâ€¦ https://t.co/wt0WdWbdlZ",140
1321714184057364480,2020-10-29 07:23:12,0,Twitter for Android,1290172837102157824,a_collection_of_cell,"Iâ€™m just a boy, standing in front of the world, asking you to follow meğŸ™‹â€â™‚ï¸",4,22,"à¤°à¤¾à¤‚à¤šà¥€, à¤­à¤¾à¤°à¤¤",False,,ME n my BOYS Discussing that we will go to the principal office to ask for a game periodğŸ˜¹â€¦ https://t.co/icqZAKN6vL,114
1321713949767880705,2020-10-29 07:22:16,0,Twitter for Android,1248087864912404480,News about News on fake News by News,"âš• ğŸ˜· âš•
Old account suspended
â›‘ï¸ğŸ‘·ğŸŒ¡ï¸ğŸ’‰ğŸ’ŠğŸ•‰ï¸âœ¡ï¸â˜¸ï¸ğŸ”†ğŸ”…â•ğŸ‡®ğŸ‡³
Expect rude replies",264,411,,False,,"@Dr_Me_Shi Hu MR chu
ğŸ¤£ ğŸ¤£ ğŸ¤£
Neet not possible",44
1321713782507229189,2020-10-29 07:21:36,0,Twitter for Android,971660496003723265,Venkatesh,,187,239,Bengaluru.,False,,@Sagar4BJP He is following your https://t.co/bXWIUANvwr OBC people have no guts to question Mody on OBC reservationâ€¦ https://t.co/uzxAh4ek5H,140
1321713650768334849,2020-10-29 07:21:05,0,Twitter for Android,1236358058089025536,Harry sidhu,a simple boy who is fun loving.! dost @adbhut_pri,3866,2572,Jatt.Punjab.tohğŸ·,False,,@neet__gill thnx rehn do bs party kr denağŸ¤§ğŸ‘Œ,43
1321713301147901954,2020-10-29 07:19:41,0,Twitter for Android,1281490032948244480,Parneet,Trust on sirf WAHEGURU!!â¤ğŸ’¯,505,412,Dil vichâ¤ğŸ¤“,False,,@noobwritter Dvage dvage..sare twitterpur ch ladu vandne..jdo 1000 hogeğŸ˜‚ğŸ˜¹â¤,74
1321713214246191105,2020-10-29 07:19:21,4,Twitter for Android,1236320762480324609,Shuchi Saxena ğŸ¦,DRDO aspirant ğŸ‡®ğŸ‡³ â€¢ Poet and Quotes Creator âœğŸ» â€¢ Hrithik Roshan's admirer ğŸ¤— â€¢ Sanatan Dharm ğŸ•‰ï¸ â€¢ Maturity is to realize that everywhere is Politics ğŸ™‚,1041,495,Official Father of Pakistan,False,https://t.co/R7s8qVjeVz,Is there any NEET aspirant in Friend list? #NEET #AIIMS Please #CommentBelow https://t.co/UIyCALgHLJ,100
1321713134046912512,2020-10-29 07:19:02,0,Twitter for Android,1281490032948244480,Parneet,Trust on sirf WAHEGURU!!â¤ğŸ’¯,505,412,Dil vichâ¤ğŸ¤“,False,,@harryyysingh Thnks gâ¤â˜º,23
1321713044901163008,2020-10-29 07:18:40,0,Twitter Web App,967398012019466240,Vidyapeeth Academy,Vidyapeeth IIT Academy is Premier Institute For IIT JEE (Main & Advanced)/KVPY/OPYMPIAD/NTSE,28,156,"Vidyapeeth Academy is premier JEE ( Mains & Advance), Pre Medical (NEET/AIIMS).",False,https://t.co/QFiZ9cWnJO,"Dear IIT/JEE/NEET Aspirants
#Vidyapeethacademy Mental Aptitude Test, Join DREAM-40, A Zero Fee Classroom Program foâ€¦ https://t.co/vunWS4UvpY",140
1321712454477307904,2020-10-29 07:16:20,0,Twitter for Android,971660496003723265,Venkatesh,,187,239,Bengaluru.,False,,"@RaghunandanraoM @bandisanjay_bjp @BJP4Telangana @Arvindharmapuri 
@apjithender 
@aruna_dk 
@Yendala4BJPâ€¦ https://t.co/3fqIcEJGu6",129
1321712093951795202,2020-10-29 07:14:54,0,Twitter Web App,1230462615526100997,Excellence Educare,"We help students fulfill their dreams of becoming engineers & doctors by providing quality education
Call @8898291212 For Free Demo Lecture
IIT-JEE, NEET Tutor.",26,22,India,False,https://t.co/IsZshuZ51O,"@excellence_edu
ğŸ‘‰Follow on Instagram and FB
ğŸ«Start preparation for JEE and NEET with Excellence Educare.
Private 1â€¦ https://t.co/ewQVrWkji3",139
1321711776635871232,2020-10-29 07:13:38,0,Twitter Web App,1184378530240462848,JK Fact,https://t.co/d4e4KUjjAI,210,219,Jammu,False,https://t.co/wAPxdqbjrk,"NEET toppers and young writers felicitated by Pulwama administration

For More Read : 
https://t.co/9QI4o817FPâ€¦ https://t.co/f8hekVcft7",135
1321711456946069506,2020-10-29 07:12:22,0,Twitter Web App,1265633383989772288,Ravi Ranjan Singh,Be a good human being,14,5,,False,,"What is this?
we want answer and fair exam for NEET/JEE
@narendramodi 
@DG_NTA 
@DrRPNishank 
@anubha1812 https://t.co/VbbOTw8Qxm",129
1321711377552183296,2020-10-29 07:12:03,2,Twitter for Android,1158445617271775232,dani,"Vent Account
They/Them",135,88,,False,https://t.co/KWKPIJUIbz,All this talk of blondes just reminds me of Cerea being introduced to video games where she can be a hero without dâ€¦ https://t.co/Wv3bfqtp5T,140
1321711162199699456,2020-10-29 07:11:11,0,Twitter for Android,1212264236061097984,gurii_mehra,sometimes all it takes is one ardaas to change everything ğŸ–¤ğŸ™ğŸ» insta :- https://t.co/55xHmTxckG,72,356,"Kapurthala, India",False,,@neet__gill Congrats ğŸ‰,22
1321711153806860288,2020-10-29 07:11:09,0,Twitter Web App,735362930628268033,Bhakt babu,"All I want to say is that
They don't really care about us
Religion: because thinking is hard

Ignorance is bliss
i am panauti",79,392,,False,,@Delhi_Sarcasm yr kya hi bole inko. ye to NEET jihad rokne ko yudh shuru krre hai. Kuch dino mein yogi ji Breathe Jâ€¦ https://t.co/82lsScWWmZ,140
1321711152120819712,2020-10-29 07:11:09,0,Twitter for Android,971660496003723265,Venkatesh,,187,239,Bengaluru.,False,,@krishanKTRS @BjpAchary @KTRTRS @swachhhyd @HiHyderabad @MPsantoshtrs @BTR_KTR @KonathamDileep @RaoKavithaâ€¦ https://t.co/JxJxpqjwN4,131
1321710867004583936,2020-10-29 07:10:01,0,Twitter for Android,59752324,Farogh Ahmad,"Another Human to the World, Indian to the Nation, Brother to my Siblings, Child to my Parents, Friend to my Friends, Employee to the Company. Useful to no one!!",605,5001,"In your heart, I hope",False,https://t.co/DQTpNHyIz9,UP CM Yogi Adityanath felicitates UP NEET topper Akanksha Singh - Times of India https://t.co/3A8b9204uG,104
1321710825921531905,2020-10-29 07:09:51,0,Twitter Web App,1323118009,Blast,"Game Sound Designer, streamer and cello player.
I'm also a fan of middleware and VFX
#audio #gameaudio #sounddesign",120,422,"Montpellier, France",False,https://t.co/E1b1VtDJM1,"@AlexBarnhartMA @markkilborn neet stuff, good job. (hydra FTW)",62
1321710641871163392,2020-10-29 07:09:07,0,Twitter Web App,1233756856537042944,IFLUX IIT & Medical Academy,"Personalized & Interactive learning experience
Class VII to XII, Foundation, IITJEE & NEET
ğŸ€„Coach ğŸ“‡Mentor
Call 8976678193
Visit https://t.co/W9nAd57sOJ",309,1460,India,False,https://t.co/9EHMkqS10w,"@ifluxeducare
ğŸ‘‰Follow on Instagram and FB
Start preparation for JEE and NEET with IFLUX IIT and Medical Academy
Onlâ€¦ https://t.co/Qx4ubPvfBN",140
1321710539899236357,2020-10-29 07:08:43,0,Twitter for Android,1184839983955210240,_Human,,5150,266,Lynchistan,False,,"This is a Tie Breaking rule.
More than 300 Students Score Same marks in Neet, and Yogi want's to give all of them Sâ€¦ https://t.co/3YGFDT2Wxh",140
1321710049786408960,2020-10-29 07:06:46,0,Twitter for iPhone,1307020740772806656,aatam shah,Astronomy                                       Medical                                           Science,6,83,,False,,"Wait just read that stuff. Because of her whole counselling process was postponed.
By @RVCJ_FBâ€¦ https://t.co/vXL3McadrT",119
1321710049400553472,2020-10-29 07:06:46,0,Twitter for Android,899931137232969729,Hindol Chakraborty,"Widen your imagination, become an artist || History and Astrophysics obsessed || My tweets are only my personal views",65,487,"Chinsurah, Hoogly, West Bengal",False,https://t.co/2DkOhgOYe3,"@i_ujjwaljha @vivekagnihotri Either declare both of the NEET aspirants as AIR 1 or else don't 
They aren't scientisâ€¦ https://t.co/9U7FojSjdW",140
1321709796362313730,2020-10-29 07:05:46,0,Twitter for Android,219619236,Boopalan Kanniah,"Believes in genuineness, reliability and honesty",12,15,"Chennai, India",False,,"We are indefinitely waiting for this counseling to happen, after NEET results",77
1321709546318909440,2020-10-29 07:04:46,0,Twitter for Android,1151392989555515392,Tedsukar,live n let live,13,118,,False,,"The manner in which #NEETResult2020 were declared in a hurry, mistakes were bound to happen. I know people who gotâ€¦ https://t.co/n3pc9acLfX",139
1321708724084379649,2020-10-29 07:01:30,0,Twitter Web App,2876242122,Neelu,"'Compassion, mutual dignity will protect the future of all Indians.' 
President R.N Kovind",172,265,,False,,@PigGod_Jasz @HaritaReddy1 @ANINewsUP He is right.. it ws soyeb's first attempt too..so a 17 yr old girl scored theâ€¦ https://t.co/ZqeIuUIqMl,140
1321707957487218688,2020-10-29 06:58:27,0,Twitter for Android,1303085167,EK VAIRAAGI,"Indian first ğŸ‡®ğŸ‡³,Shiv bhaktğŸ”±,Software developer, Lecture in IT (Android & IOS), SANATAN DHARM is what I believe in. MSDhoni fan, Love Indian ARMY,#changemaker",115,304, India,False,,"See dis NEET topper, what they have in their minds,he has deleted this post now @Blossom_077 @akku_akku18â€¦ https://t.co/zkX4S8UmQq",130
1321707919289667585,2020-10-29 06:58:18,0,Twitter Web App,487473905,ğŸ”±Cute RevolutionaryğŸ”±,"Evil forces are dominatingğŸ˜ˆ...but we will win victory with our persistence, dedication and our purity...ğŸ’«

Sushant Disha your sacrifice will not go wasteğŸ’˜",126,158,Justice for SSR Disha,False,,"https://t.co/LEoEtaAkbM

Yes...injustice has been done to à¤†à¤•à¤¾à¤‚à¤•à¥à¤·à¤¾ ğŸ‘ğŸ‘ğŸ‘ğŸ‘ğŸ‘ğŸ‘ğŸ‘ğŸ‘ğŸ‘ğŸ‘ğŸ‘ 

@CMOfficeUP @cbseindia29 @DG_NTAâ€¦ https://t.co/MkyhUOVixZ",138
1321707801807380480,2020-10-29 06:57:50,0,Twitter Web App,1149786261214957568,sylvvvestar_,"biodegenerate
superior to @_saerans",6,63,yeah,False,,@ohwoahowo also its insanely hard to be active on twitter unless youre already someone with an already large following or a fuckin neet,135
1321707586970816512,2020-10-29 06:56:59,1,Twitter Web App,3766768513,Anantha,,349,458,,False,,And this is exactly the apprehensions of our state people. How do we ever know any all India exams were conducted fâ€¦ https://t.co/2KuZUSaeEY,140
1321707445354332161,2020-10-29 06:56:25,0,Twitter Web App,1295306616766521344,â™¥ï¸Sani â¸ | à¤¸à¤¾à¤¨à¥€ | DevilJoong for Halloweenâ™¥ï¸,"#ATEEZ :ğŸ–¤âœ¨ No one take you down, ë„ˆì™€ ë‚˜ì˜ promise, No one take you down, Don't worry I'll be there
ë³„ì²˜ëŸ¼ ë¹›ë‚˜ ë‚˜ ğŸ–¤âœ¨
Meme ThiefğŸ˜ˆ
BTS | ATEEZ | SVT | SKZ | ğŸ–¤",342,355,In your heart â¤ï¸  She/her ğŸ‡®ğŸ‡³,False,https://t.co/R7oYevfI07,@AlwaysTEEZ agar NEET ke time rahega toh I'll die! ğŸ•³ï¸ğŸš¶â€â™€ï¸,57
1321707196393025536,2020-10-29 06:55:26,0,Twitter for iPhone,3192728886,a,@sorceted @ruggiemilli @B4BIBUNNI @prongcollar @choir908 @tzincity @K55120T75 @charaxinae @LEMlLlME @FAKECUPlD â‡¦ ART RIVAL ğŸ’¢,86,87,18+,False,https://t.co/Fm2O4rokNa,Iâ€™m not proud to admit this bc it makes me sound like a NEET but playing mystic messenger while high out of your miâ€¦ https://t.co/tKIFlDZHgP,140
1321706561798983680,2020-10-29 06:52:55,0,Twitter for Android,1318773511968620544,Yâ‚’áµ¤áµ£ fâ‚â‚œâ‚•â‚‘áµ£ğŸ˜¤,"à¨¸à¨­ à¨¦à¨¾ à¨¹à©€ à¨•à¨°à©€à¨¦à¨¾ à¨ â¤à¨¦à¨¿à¨²à©‹ à¨¸à©±à¨œà¨£à¨¾,à¨•à©‹à¨ˆ à¨µà¨°à¨¤à©‡ à¨œà¨¾à¨‚ à¨ªà¨°à¨–à©‡ à¨“à¨¹ à¨—à©±à¨² à¨µà©±à¨–à¨°à©€â˜º",126,104,à¨˜à¨°à©‡ à¨¤à©à¨¹à¨¾à¨¡à©‡ğŸ¤­,False,https://t.co/bLHO0NF0Vt,@neet__gill done putt tera vâ¤ï¸ https://t.co/DzfYQ6yABp,54
1321706518094360579,2020-10-29 06:52:44,0,Twitter Web App,4054158132,GOAL INSTITUTE,GOAL Institute Patna/Ranchi designs specific strategy to recognize the temperament and potential of students for NEET/Medical/Engg.,378,95,"Patna, India",False,https://t.co/NuBjylzwxy,"Success doesnâ€™t come to you, you have to work hard to get to it. Our years of experience combined with your hard woâ€¦ https://t.co/APuQlGclS6",140
1321706202393313280,2020-10-29 06:51:29,0,Twitter for Android,1318030155885932544,GiLLzâ™ ï¸ğŸ¦…,"ğŸ“¸sehnajgill8 
#à¨ªà¨¾à¨ªà©€à¨¬à©°à¨¦à©‡ 
#pb46 (à¨®à¨à©ˆà¨²)
#farmer",12,28,Pb46,False,,@neet__gill Congratulations,27
1321705843985911810,2020-10-29 06:50:03,0,Twitter for Android,2280715826,John Roxton,.,5,48,space,False,,@shoe0nhead Friend penis marriage huh neet,42
1321705788058923008,2020-10-29 06:49:50,0,Twitter for Android,1269233362096381952,SehajğŸ–¤,How can I think to be colorful if live in Darkâ™ ï¸,668,372,à¨®à¨à©ˆà¨²,False,https://t.co/ntsgDW9Doi,@neet__gill Chl fer party de ğŸ˜‚ğŸ˜‚,31
1321704409781346305,2020-10-29 06:44:22,0,Twitter Web App,1245065737061855237,NeetRyu|Observer|è¦³å¯Ÿè€…,"Nothing Much I Guess I Enjoy Playing/Watching/Listening Game/Music/Anime
Gathering Data
email: yamato_bashala98_@hotmail.com
Not Coming For Me?
ã•åƒ•è¿‘ã¥ãã¾ã™ã‹ï¼Ÿ
ãŠã‚‚ã—ã‚ã„ã„",39,134,,False,,"Chapter 29?:IF only part 1
If only There's a way for the time to go back
If only I can help
If only I can do much mâ€¦ https://t.co/F9QWbcUf88",140
1321704321378000896,2020-10-29 06:44:00,0,Twitter Web App,1296626755311034368,Platonic NEET,"Anon gadfly
Decentralizing truth & stackin sats",621,12,Your Prefrontal Cortex,False,,"NEET cajoled, persuaded, and offered solid argumentation, but was unable to convince Nipponese fren to sell.

Whenâ€¦ https://t.co/6yKPmZMsfk",139
1321704320669163520,2020-10-29 06:44:00,0,Twitter Web App,1296626755311034368,Platonic NEET,"Anon gadfly
Decentralizing truth & stackin sats",621,12,Your Prefrontal Cortex,False,,NEET has had the privilege of using his government welfare checks to travel around the world. He was in the Middleâ€¦ https://t.co/Miw7RcAsZf,139
1321704126254755840,2020-10-29 06:43:14,0,Twitter Web App,1308863088330903552,Orcbrand - The Friendship Brand,"brand on line #orcbrand im orcbrand , Raider of the Lost Brand, Captain of Unsinkable Ship, Lindy Emperor - but you may call me friend",905,385,,False,,"Maybe liberal white women should deconstruct the patriarchy inherent in abortion idolatry, but what do I know, I'mâ€¦ https://t.co/t8eruFFZX5",139
1321703906670383104,2020-10-29 06:42:22,0,Twitter Web App,1274988945210634240,Vaishnavi,Student.,2,51,,False,,@acgme  I am not able to login on mcc website for neet UG counselling 2020  Please help,87
1321703631763038208,2020-10-29 06:41:16,0,Twitter for Android,1281490032948244480,Parneet,Trust on sirf WAHEGURU!!â¤ğŸ’¯,505,412,Dil vichâ¤ğŸ¤“,False,,@cheema01alla ThnksğŸ¥‚â¤,21
1321703229449592832,2020-10-29 06:39:40,0,Twitter Web App,1179372728056348672,dam | gayass prime,"dameron / he/him, transboy, minor / it smells like gaming / carmine loveposter supreme / i draw i think + kinda rt heavy. play guilty gear",253,183,,False,https://t.co/Jc53iwnfhR,@neet_ryu thank you!,20
1321703024927014912,2020-10-29 06:38:51,0,Twitter for Android,899931137232969729,Hindol Chakraborty,"Widen your imagination, become an artist || History and Astrophysics obsessed || My tweets are only my personal views",65,487,"Chinsurah, Hoogly, West Bengal",False,https://t.co/2DkOhgOYe3,"@i_ujjwaljha @vivekagnihotri Problems are compulsory,
Everyone is fighting a war.
Still today, if a student in Indiâ€¦ https://t.co/H46utiSjBK",140
1321701958017818624,2020-10-29 06:34:37,0,Twitter Web App,1238340918693904385,Bright EduWorld,"Bright Edu World is one of the largest companies that specialized in providing online video lectures for NEXT, NEET PG & USMLE & all other Post Graduate medical",9,47,India,False,https://t.co/S5BGclkUWo,"Prepare Yourself for a bright academic career. By providing yourself with a head start to Next/Neet Pg Classes.

Viâ€¦ https://t.co/FYDZcxGZlp",140
1321700600845791232,2020-10-29 06:29:13,0,Twitter for iPhone,2648104549,à®•à®¿à®°à¯à®·à¯à®£à®¾ | å…‹é‡Œå¸Œç´,"Titles are not my identity, So I have removed them. Do what you love, Have a vision and everything is possible.",2194,5001,,False,https://t.co/YA6qkn1WMv,"A NEET aspirant in Amravati got zero marks and reached High Court for revolution.

She later revealed she didnâ€™t atâ€¦ https://t.co/ABF4kvTxq3",140
1321700013173604352,2020-10-29 06:26:53,0,Twitter for Android,2565791769,Belgium,"I like anime and politics.

Add me on FGO NA!",1382,426,Belgium,False,,@OLD_NEET Always have,21
1321699624134979585,2020-10-29 06:25:21,0,Twitter for Android,1319664692021792768,Its_sahil_dosanjh,"à¨¨à¨¿à¨°à¨­à¨‰ à¨¨à¨¿à¨°à¨µà©ˆà¨°ğŸ™ 
Canadian ğŸ‡¨ğŸ‡¦",13,5,,False,,@neet__gill Congrats bugge ğŸ˜‚ğŸ˜˜ğŸ’“,30
1321699607311720448,2020-10-29 06:25:17,0,Hootsuite Inc.,1187006871221293057,Rural NEET Youth,Official COST Action 18213: Rural NEET Youth Network: Modeling the risks underlying rural NEETs social exlusion,125,543,,False,https://t.co/0gLkc9xSjK,"CALL FOR PAPERS - Lisbon 2021 Conference ""Education: Whatâ€™s next? Formal education &amp; training and the transition frâ€¦ https://t.co/2n7nbsvo86",144
1321699325437648898,2020-10-29 06:24:09,0,Twitter for Android,899931137232969729,Hindol Chakraborty,"Widen your imagination, become an artist || History and Astrophysics obsessed || My tweets are only my personal views",65,487,"Chinsurah, Hoogly, West Bengal",False,https://t.co/2DkOhgOYe3,@i_ujjwaljha @vivekagnihotri Man you can appear in NEET examination as many times you want until you turn 25. The oâ€¦ https://t.co/9pJQNPjO9z,140
1321699270546784259,2020-10-29 06:23:56,0,Twitter for iPhone,1273782072369274880,ã­ã‚‚ã¨ï¼Ÿ,é¯–ãŒå¥½ã #ãƒ“ã‚®ãƒŠãƒ³   æ„šç—´ã°ã‹ã‚Šã ã‹ã‚‰ãƒ•ã‚©ãƒ­ãƒ¼ã”è‡ªç”±ã«,108,114,,False,,@cocomuraperson NEET,20
1321698787807711232,2020-10-29 06:22:01,0,Twitter for Android,770422292715274240,Calamari #FixUltimateOnline,THS '20 XC&TF captain | UMassD '24 XC&TF | ğŸ‡ºğŸ‡¸ Catholic | NE Smash Ultimate Inkling/Greninja main | PCG regular | Babymetal fan,56,101,"Massachusetts, USA",False,,"@Neet_O_ @NairoMK Dude the same shit happened to me as well. People called me ""victim blamer"" and even ""pedo defendâ€¦ https://t.co/UUxVqsIbAr",140
1321698716512903170,2020-10-29 06:21:44,0,Twitter for Android,96322658,Srinivas Reddy,"Web Designer, Wanna-be Developer",375,1617,"Hyderabad, India",False,,Hyderabad: Free NEET coaching for students affected by floods and Covid-19 | Hyderabad News - Times of India https://t.co/GQdAv5zLzl,132
1321698687765172224,2020-10-29 06:21:37,0,Twitter for iPhone,774295640,uhhh,,0,69,,False,,"@toolshedraven Bah , heâ€™s a gentleman he would not prey on a lady. Heâ€™d just wanna be a neet with you https://t.co/nPznfGxtbe",125
1321697794181140480,2020-10-29 06:18:04,0,Twitter for Android,1296460425991618561,Dis,,6,29,,False,,"Will neet be held twice on 2021
#NEET2020",41
1321697591059312640,2020-10-29 06:17:16,0,Twitter Web App,1032571988676493312,Ujjwal Jha,"Non Resident Bihari
A well known expert on nothing. 
Opinions totally personal.
RTs, sometimes even my own tweets.
As unbiased as any popular journalist.",27,38,India,False,https://t.co/agCl4BHWgH,"@the_artisticguy @vivekagnihotri No, it shouldn't be . Bcz let's say i am appearing for NEET and its my last attempâ€¦ https://t.co/CrFlz7Ut94",140
1321697537041092608,2020-10-29 06:17:03,0,"Cheap Bots, Done Quick!",778305113316143104,LNTitles,,33,0,,False,,My popular big brother can't be a NEET!,39
1321697289304371200,2020-10-29 06:16:04,0,Twitter for Android,338956283,Dr Masleh uddin,"simple, Honest, cool.",194,929,"Patna, India",False,,@ANINewsUP Yogi against Neet Jihad,34
1321697091161268225,2020-10-29 06:15:17,0,Twitter Web App,129082883,ã˜ã‚…ã†,ä½œå®¶å¿—æœ›,127,348,,False,,Aå¿œPã€Œnice to NEET you!ã€ https://t.co/oZjR1WhF0T #r_blog,54
1321697020277522433,2020-10-29 06:15:00,0,TweetDeck,1258074066998579202,ABPEducation | #StayHomeStaySafe,"ğ€ğ§ğšğ§ğğšğ›ğšğ³ğšğ«ğğšğ­ğ«ğ¢ğ¤ğš and ğ“ğ¡ğğ“ğğ¥ğğ ğ«ğšğ©ğ¡ jointly bring you #ABPEducation | Info & updates on Admissions, Examinations, & Career Advice.",171,184,"Kolkata, India",False,https://t.co/64n9LZM6ZY,CM @YogiAdityaUP announced that #NEET #topper Akansha Singh's entire graduation level expenditure will be borne byâ€¦ https://t.co/uL7BV2rKB8,139
1321696954645127170,2020-10-29 06:14:44,0,Twitter Web App,749040932582924288,ğŸ‘¹Karma,mmmm munking ğŸ‘¹,56,69,"Arkansas, USA",False,https://t.co/tVlaJ0TNqh,i orbit NEET,12
1321696868787613696,2020-10-29 06:14:24,0,Twitter for Android,893005602309382144,shashikumar | à²¶à²¶à²¿à²•à³à²®à²¾à²°à³,"à²¹à³†à²®à³à²®à³†à²¯ à²•à²¨à³à²¨à²¡à²¿à²—|
|Navodayan|

|the north remembersğŸº|",89,712,Bangaluru,False,,Nibbas who don't know shit about neet exams are now going to do debate over neet rankings..if the same yogiji proteâ€¦ https://t.co/GfInJ6jkc7,140
1321696720468680704,2020-10-29 06:13:48,0,Twitter Web App,1290948299118149636,Shahil Rana,"20
Living a life full of ""DOWNS""
without any UP !",89,95,Patna,False,https://t.co/DD8CShxM36,@kratika_kathal Fir to tumhe NEET jarur crack karna chahiye ğŸ˜ğŸ˜‚   go for it ğŸ˜…!,77
1321696674926882818,2020-10-29 06:13:37,2,dlvr.it,94482117,@easyproperty,#Luxury #topproperty #land #Lifestyle @Easy_Branches #realestate #marketing #property #mice #events #investment https://t.co/m9LibA1aKb,11066,9533,Global,False,https://t.co/SDJ596Stin,"Solution and Colligative Property- 3 | FULL SYLLABUS IN 35 DAYS | NEET 2021 | Abhishek Mishra: In this session, Abhâ€¦ https://t.co/4hnqv6nXcl",140
1321696457288605696,2020-10-29 06:12:46,0,twittbot.net,2411679698,ichinomiya eruna,â™¥ // Tension MAX! Let's go! // fanmade twitter bot for ichinomiya eruna! (mikagura school suite) // WIP â™¥,140,29,,False,,I'd rather become a NEET than wear a uniform that isn't cute!!,62
1321696419770626048,2020-10-29 06:12:37,0,Twitter Web App,1304034298069090306,Dr. Ratan Prakash Clinic,"Dr. Ratan Prakash Clinic offers Doctors Consultation, Full Body Checkup, Sugar Checkup &amp; ECG Test. Dr. Ratan Prakash has more than 27+ years of experience.",1,0,"Anishabad, Patna",False,https://t.co/nkpcqreYtN,"Complete body check-ups help the doctor diagnose a disease before it advances the greater proportions, So check youâ€¦ https://t.co/Q9LTyrCnL5",140
1321696160189308929,2020-10-29 06:11:35,0,Twitter Web App,3302081568,Oswaal Books,"Oswaal Books publish Educational Books For Classes 1 to 12 for CBSE, ICSE/ISC & State Boards.",1097,133,,False,https://t.co/nYFYUyKExJ,"NEET 2021 prep in full swing?
Dear Aspirants, introducing Oswaal NEET Questions Banks for 2021 Exams.
They include:â€¦ https://t.co/spHEin7Qal",140
1321695495316631554,2020-10-29 06:08:56,0,Twitter for Android,1173561059942121478,Manappuram Entrance academy,,1,0,"Valapad, Thrissur",False,https://t.co/XaJHBXPjxK,"Repeater Batches (NEET/B Pharm)
Plus One/ Plus Two Tuition Cum Entrance Batches
Special Scholarships for Merit/BPLâ€¦ https://t.co/UGZx7W7Ks1",139
1321695406468849664,2020-10-29 06:08:35,0,Twitter for Android,3087198318,Marc  Taylor,The last of the true greats and 5th hardest in me year.,249,178,,False,,@DannyOc11 100% mate... Pjanic was class last neet aswell,57
1321695252021878789,2020-10-29 06:07:58,1,Twitter Web App,1014050465821089793,MedExams Prep,"We are a Team of Highly Dedicated Medical Professionals who are having a passion for Medical Sciences.

Our Team Comprises of Doctors, Academicians,",342,1258,"New Delhi, India",False,https://t.co/b2MTeCW57s,"NEET PG / FMGE 2021
https://t.co/DBfVH3uRAV
fmge #fmge2020 #fmge2021
mch #neetss #neetmch #neurosurgery #neurosurgeâ€¦ https://t.co/03zCl0oTO0",140
1321694944134717445,2020-10-29 06:06:45,1,Twitter Web App,1014050465821089793,MedExams Prep,"We are a Team of Highly Dedicated Medical Professionals who are having a passion for Medical Sciences.

Our Team Comprises of Doctors, Academicians,",342,1258,"New Delhi, India",False,https://t.co/b2MTeCW57s,"NEET PG / FMGE 2021
https://t.co/DBfVH3uRAV
fmge #fmge2020 #fmge2021
mch #neetss #neetmch #neurosurgery #neurosurgeâ€¦ https://t.co/pMB0xnurV5",140
1321694590814990336,2020-10-29 06:05:21,0,Twitter Web App,1306101980033507329,turitoneet,,0,0,,False,,Hydrogen Bond and Its Applications in Hindi are explained by our chemistry expert Mr. Animesh Verma on our YouTubeâ€¦ https://t.co/xGfPP6ia5h,139
1321694202049167372,2020-10-29 06:03:48,0,Twitter Web App,1292026533427572736,ETeach Education,"We are an educational venture providing futuristic, efficient and impactful education programs for learning institutions.",0,0,nagpur,False,https://t.co/HVPsknvmm1,People who are self motivated to achieve their dreams knows how to do it and one of the way is to opt for eteach acâ€¦ https://t.co/NAQssRBFOL,140
1321693473808920576,2020-10-29 06:00:54,0,Twitter Web App,1029607015990083584,Shiksha Advisor,Shiksha Advisor is an organization which gives counselling & best career guidance to the great available minds of India for studying in India and Abroad....,241,2125,"Noida, India",False,https://t.co/B1T5iHd3rY,List of Medical Colleges(Govt &amp; Private) in Andhra Pradesh | NEET Counse... https://t.co/z2FLreoj9z via @YouTube,116
1321693129888575488,2020-10-29 05:59:32,0,Twitter for Android,1295037893249908737,NEET ASPIRANT,,4,9,Bharat,False,,"#isupportfrance 
#IStandWithFrance 
#France â¤ï¸ #India 
#IndiaWithFrance 
ğŸ‡®ğŸ‡³â¤ï¸ğŸ‡«ğŸ‡·
I support France
@FRANCE24â€¦ https://t.co/XJSyVouGwg",131
1321693057566138368,2020-10-29 05:59:15,0,Twitter for Android,1222362830986309633,mahesh G hande,"How can anyone read history and still trust politicians?
Thomas Sowell",6,34,,False,,"@ANINewsUP How does it matter,the purpose of neet is to get admission in medical college,both of them are going toâ€¦ https://t.co/uIiGkvgx13",139
1321693003543531520,2020-10-29 05:59:02,0,Twitter for Android,995584005335531521,ashumahore,medico at CIMS CHHINDWARA,70,133,CHhindwara,False,,@jaribooty After neet 2019ğŸ˜¶,27
1321692535878676480,2020-10-29 05:57:11,0,Twitter Web App,1321688838377365509,Neelam Agarwal,,0,1,,False,,"@DrRPNishank 
Sir I have the EWS certificate and I am eligible for it. But I didn't knew at the time of registeratiâ€¦ https://t.co/qs158shz8c",140
1321692340658925568,2020-10-29 05:56:24,0,Twitter for Android,1318460124978016256,Balla Gayathri,,0,2,,False,,@SonuSood hello sir my daughter  recently written neet exam for the second time.we are very sure they can get mbbsâ€¦ https://t.co/s7fSsCkluH,139
1321692078414258176,2020-10-29 05:55:22,0,Twitter Web App,631750051,Isha ghai,Lawyer and Lockdown Hairstylist.,64,388,,False,,We really need to start building a society where we stop correlating age with achievement &amp; marks with excellence.2â€¦ https://t.co/nARc08ul22,144
1321691463483187201,2020-10-29 05:52:55,0,Twitter Web App,1321688838377365509,Neelam Agarwal,,0,1,,False,,"@DG_NTA  
Sir/Ma'am I have the EWS certificate and I am eligible for it. But I didn't knew at the time of registeraâ€¦ https://t.co/6MnFPIXN3V",140
1321691213716598784,2020-10-29 05:51:55,0,Twitter Web App,1065594827960655874,KAILASH PRAKASHAN,Fast Forward is a leading company which is providing a quality educational resource to student fraternity right from tiny igniting minds of NEET to JEE aspirant,1,0,,False,,Need Quick Revisions!!!! Go for NEET/ JEE Fast forward. Our Scientific Brain Portrays are Indiaâ€™s best quick revisiâ€¦ https://t.co/WeTC9HWuiY,140
1321689852392415234,2020-10-29 05:46:31,1,Twitter for Android,1279477890254594051,Every Day A Different MangÃ¡,"Our goal
is to recommend Manga every day that we know and like.

P.S: If you want us to recommend something send us a Message

L.R  / RadVen",26,21,,False,,"A 34 year old guy is evicted from his home for being a NEET and dies shortly afterwards trying to save a couple, Reâ€¦ https://t.co/9HYtbOiBdZ",140
1321689141717823489,2020-10-29 05:43:41,0,Twitter for Android,1293608358390374401,Khan_farhan_aligarian,"I am a product of AMU and proud to be muslim ,Jo Lohe azal mai likha hai ham dekhenge ....",434,759,"à¤…à¤²à¥€à¤—à¤¢à¤¼, à¤­à¤¾à¤°à¤¤",False,,Chief Minister Yogi Adityanath has directed State Chief Secretary to write to National Testing Agency (NTA) for plaâ€¦ https://t.co/D211JoEGC9,140
1321688854919741441,2020-10-29 05:42:33,0,twittbot.net,2446615538,kagepro ebooks,,25,4,,False,,become a grilled neet,21
1321688106051928064,2020-10-29 05:39:34,0,Twitter for Android,1292880572046483456,RoopkiranRandhawağŸ¦‹,"TRENDING NAKHRA..ğŸ¦‹â¤
Trust : The only name à©´  || à¨µà¨¾à¨¹à¨¿à¨—à©à¨°à©‚ || à©´",57,84,,False,,@neet__gill Congratulations BroğŸ˜ğŸ”¥â¤â¤,35
1321687489396965376,2020-10-29 05:37:07,1,Twitter for Android,891376411751141376,shyam b agarwal,,9,57,,False,,"After registration in mcc for neet 2020 login is not possible
Mcc to look into it urgently.
Candidates are in highâ€¦ https://t.co/UuYozlBAvI",139
1321687051050356736,2020-10-29 05:35:23,0,"Cheap Bots, Done Quick!",778305113316143104,LNTitles,,33,0,,False,,My cute crush can't be a NEET!,30
1321687040077885440,2020-10-29 05:35:20,0,Twitter Web App,84512418,digitalLEARNING,Asia and Middle East's Premiere magazine/portal on Innovations in Education! Powered by Elets Technomedia Pvt Ltd @eletsonline.  #DigitalLearning,3810,2161,"Noida, India",False,https://t.co/5lqcJqUhp8,"In a huge relief, the #MedicalCounsellingCommittee (MCC) commenced the online registration process for the first roâ€¦ https://t.co/esBfVsziKV",140
1321686779339051009,2020-10-29 05:34:18,0,Twitter for iPhone,968911376184786946,ğŸ‘€,LAZY,221,230,ã¡,False,https://t.co/jFeN64bzNH,Pro Neet https://t.co/CKAXk8uoFm,32
1321686239330803712,2020-10-29 05:32:09,0,Twitter for Android,1158993730726060033,St.Johns EDUCARE,St. John's EDUCARE is  the best Overseas education consultants in Chennai for sending students to top medical colleges in the http://Philippines.www.stjohnseduc,50,156,,False,https://t.co/xZcEhkDpmm,"Davao Medical School Foundation is the best Medical school for Indian Medical Aspirants. 

MCI approved top-ranked,â€¦ https://t.co/UERsQrErrD",140
1321685696810115072,2020-10-29 05:30:00,0,Twitter Web App,1014050465821089793,MedExams Prep,"We are a Team of Highly Dedicated Medical Professionals who are having a passion for Medical Sciences.

Our Team Comprises of Doctors, Academicians,",342,1258,"New Delhi, India",False,https://t.co/b2MTeCW57s,"Topic of the Day. Let's discuss it!
https://t.co/5DHDCpVkjz

NEET PG Preparation
âœ… Explanations
âœ… Report
âœ… Self Assâ€¦ https://t.co/08alL4i9kg",140
1321685563678855168,2020-10-29 05:29:28,1,IFTTT,933082366490263552,Yogi Government Updates,Follow us to get regular updates about Yogi Sarkar. Posts are based on News and Media Reports and Government Circulars.,35823,44,"Lucknow, India",False,,"Uttar Pradesh to bear medical education of NEET topper

Speed up construction of highways: CM Shri @myogiadityanathâ€¦ https://t.co/Sr3TG28LPg",140
1321685442161336322,2020-10-29 05:28:59,0,Twitter Web App,4198938192,Levi's arsehole,"Fujoshi for #Eruri - come for the thirst, stay for the pain. SnK all day. Spoilers.
Obsession: Captain Levi, tch!
Writer. Editor. INFJ. Demi-Pan. She/her â“‹ 18+",1964,2637,Australia,False,,"NEET Erwin is doing things to me. HELP! Why am I attracted to the idea of an unshaven, baggy pants-wearing former câ€¦ https://t.co/NU8ycz37gc",140
1321685400579010624,2020-10-29 05:28:49,0,Twitter for Android,2607231277,Bala,HR consultant working in performance and talent management areas,20,423,"Chennai, Tamil Nadu",False,,"In TN 
- All Engg students with arrears are declared pass.
- All young lawyers are given â‚¹3000/ mo
- Reservations fâ€¦ https://t.co/E0xyBLGKG4",140
1321685363384033280,2020-10-29 05:28:41,0,Twitter for Android,1271218758837841920,Federal Merk,If you're back from a ban just let me know cuz I probably wont notice,543,429,505 S Flagler Dr,False,,"@GenubathTweets I just wanna be playing totalwar on taxpayer dollars instead of having an actual job
State sponsored neet",121
1321684274286792704,2020-10-29 05:24:21,0,Twitter Web App,1219016292759302144,@laphroaigautistğŸ€„ï¸,master race baiter,277,1343,United States,False,,@Venndeavour Can't tolerate anti-neet rhetoric,46
1321684175179509760,2020-10-29 05:23:57,0,Twitter for Android,1267861093847691264,Ashley ///RCBâ¤\\\,Can't believe God blessed me with an angel just like u...,688,657,,False,,@VarunRDCR7 @Abhi24231 @SakshiJaju3 @Jasmine55913551 @__Tasmiya_ @Pranju_22 @_m_kabir_ @pkrina_1010 @_Nia_2604â€¦ https://t.co/aNYdzPt6gX,135
1321683979079090177,2020-10-29 05:23:10,0,Twitter for Android,1250087983727800321,Indutestseries,Itâ€™s all about Real Tests and Real Results to stay ahead of your competition! @Indutestseries Insta: @indutestseries Facebook: @ Indu Test Series,0,0,"Vododara, India",False,https://t.co/9JjUaV8qZ6,"EID-E-MILAD MUBARAK TO ALL OF YOU.
Stay Safe, Stay Healthy
#Indutestseries #induwhitelabel #induonlinetest #JEEâ€¦ https://t.co/mnqQv4ur4x",136
1321683917422776320,2020-10-29 05:22:56,0,Twitter for Android,1276972049177559041,Anonymous IndiağŸ,"knowledge, facts , myths,
#AnonymousIndia
#HackThePlanet
#science
DON'T be slave of the system
we are anonymous
#cyberSpace


BE YOUR OWN HERO 
ğŸ‡®ğŸ‡³",646,347,Everywhere,False,,"@vismohan Its there own rules NTA
They are breaking there own agency rules i Don't have any problems with this butâ€¦ https://t.co/INKWaIYBhr",139
1321683613549654018,2020-10-29 05:21:43,0,Twitter Web App,1259048189555912704,Peppy Soul #DC,"18||
Shawmila â¤ï¸ Dua LipağŸ’—
#TeslaTeen",1186,719,INDIA,False,https://t.co/znQ40rK4Fg,@_wish_02 @Abhi24231 @SakshiJaju3 @Jasmine55913551 @__Tasmiya_ @Pranju_22 @_m_kabir_ @pkrina_1010 @_Nia_2604â€¦ https://t.co/qccAkZ3ytO,133
1321683283021713409,2020-10-29 05:20:25,0,Twitter Web App,1065251024879972352,ALLEN Kochi,"ALLEN Career Institute, the most trusted coaching institute for the preparation of JEE (Advanced), JEE(Main), NEET (UG), NTSE, Olympiads, Class 8th to 12th",48,21,"Kochi, India",False,https://t.co/QK1eURxupr,"ğŸ“š With ALLEN Digital Best Academics comes with Best Technology 
âœ… ALLEN Career Institute announces Leader Course foâ€¦ https://t.co/x5XAEdMq6I",140
1321683133327028224,2020-10-29 05:19:49,1,Twitter for Android,1275370510327492609,RachÂ²â¸â„ï¸ on mf limit,"#LOUIS: Watch your mouthâ™¡ Ì·Ì·ËËŠË—      19, she/her.     fan account.",2406,1093,India,False,,Is anyone else facing problem with payment of fees for neet counselling or is it just me? I doesn't even show me thâ€¦ https://t.co/AF602DILhl,140
1321683008760393728,2020-10-29 05:19:19,0,Twitter Web App,1064894063600652289,ALLEN Chennai,"ALLEN Career Institute, the most trusted coaching institute for the preparation of JEE(Advanced), JEE(Main), NEET (UG), NTSE, Olympiads, Class 8th to 12th",94,29,"Chennai, India",False,https://t.co/Qik4Q1ZMk2,"ğŸ“š With ALLEN Digital Best Academics comes with Best Technology 
âœ… ALLEN Career Institute announces Leader Course foâ€¦ https://t.co/ug2GIhvnTy",140
1321682903311347714,2020-10-29 05:18:54,0,Twitter Web App,1263049520549556224,EduXpo360,,2,10,,False,,"Study MBBS In #Russia, Fulfill Desires Of Your Doctor Dreams

https://t.co/8u4bazE7DG

Call Us On: +91 8374641111,â€¦ https://t.co/I3ZZFsv3XJ",139
1321682650831024128,2020-10-29 05:17:54,1,Twitter Web App,3109710356,ALLEN Bengaluru,"ALLEN Bengaluru is the top institute for JEE Advanced, JEE Main, KCET, NEET UG, NTSE, Olympiads, PNCF, Class 6th to 12th & 12th Pass",944,41,"Bangalore, India",False,https://t.co/GMhFwDTmr4,"ğŸ‘‰With ALLEN Digital Best Academics comes with Best Technology 
ğŸ‘‰ALLEN Career Institute announces Leader Course forâ€¦ https://t.co/e87W1tMdQP",139
1321682345208901635,2020-10-29 05:16:41,0,FS Poster,1215869003878453249,Headline English,Lightning fast discovery of summarised news from all across the internet.,1179,2,"Mumbai, India",False,https://t.co/OBi26ev1W3,"Sidhauli rural student welcomes NEET exams with family members including villagers #neetstudents #sitapur #utta...
https://t.co/54NxjzuFPB",138
1321682248735760384,2020-10-29 05:16:18,0,Twitter for Android,2343911364,Anand Anal,"A Thinker by nature, Banker by profession,  Traveller by passion, Writer by choice,  Nationalist by heart and Human by GOD grace",15,87,"Lucknow, India",False,,@CMOfficeUP @myogiadityanath It's better if you set up a fund for taking care of educational expenses of first 5 orâ€¦ https://t.co/7FCZHVCYcR,140
1321681970816905217,2020-10-29 05:15:12,0,Twitter for Android,1276972049177559041,Anonymous IndiağŸ,"knowledge, facts , myths,
#AnonymousIndia
#HackThePlanet
#science
DON'T be slave of the system
we are anonymous
#cyberSpace


BE YOUR OWN HERO 
ğŸ‡®ğŸ‡³",646,347,Everywhere,False,,"#ArogyaSethuApp
 Yogi Adityanath has directed State Chief Secretary to write to National Testing Agency  for placinâ€¦ https://t.co/adnvIF5Akt",140
1321681958900912129,2020-10-29 05:15:09,0,Twitter Web App,1232603374861729792,Affinity Education Pvt. Ltd.,We are the pioneers in Education Consultancy for over a decade. We are delighted to extend our services socially & extending client satisfaction!,15,44,Noida and Pune,False,https://t.co/MxEgEq1GEQ,"Low NEET Score? Still, you can get admission in top #MBBScolleges in Ukraine.

One of the most chosen countries byâ€¦ https://t.co/XA8Hb6MLy6",139
1321681809474613250,2020-10-29 05:14:33,0,Twitter Web App,1047445877298810881,justfornamessakeâ·,"ğŸŒˆğŸ’œğŸ¤™
she/her       18       fb only if you have pronouns in bio
FUCK HOMOPHOBES AND RACISTS

anticipating BE, kth1 and jjk1",545,903,India,False,,that SC judge when he was asked to postpone JEE and NEET for student safety: https://t.co/I0EGXndSVf,100
1321681681313509377,2020-10-29 05:14:03,0,Twitter Web App,1066082960586108928,EdxPro360,,1,28,"Andhra Pradesh, India",False,https://t.co/5kCCMfpbc9,"Study MBBS In Philippines, Students Are In ""Q"" To Join 
.
.
.
.
.
.
.
.
.

#NEET
#EdxPro
#UVGullas
#EdxPro360â€¦ https://t.co/kq1X2yJiLr",134
1321681044991479808,2020-10-29 05:11:31,0,Twitter Web App,1232603374861729792,Affinity Education Pvt. Ltd.,We are the pioneers in Education Consultancy for over a decade. We are delighted to extend our services socially & extending client satisfaction!,15,44,Noida and Pune,False,https://t.co/MxEgEq1GEQ,"Get a chance to enroll in top #medicalcolleges in the world even after Low #NEET Marks.

Want to know how? Call usâ€¦ https://t.co/WySUClBffH",139
1321681015815897088,2020-10-29 05:11:24,0,Twitter Web App,2912005645,Lee,Where do broken hearts go?,1,9,,False,,"@DG_NTA facing issues during neet ug counseling registration, pharse ""something went wrong"" is been shown.",106
1321681014138175488,2020-10-29 05:11:24,31,Twitter Web App,2587240482,"CM Office, GoUP","Official Twitter handle of Office of Hon. Chief Minister, Uttar Pradesh. à¤®à¤¾à¤¨à¤¨à¥€à¤¯ à¤®à¥à¤–à¥à¤¯à¤®à¤‚à¤¤à¥à¤°à¥€ à¤•à¤¾à¤°à¥à¤¯à¤¾à¤²à¤¯, à¤‰à¤¤à¥à¤¤à¤° à¤ªà¥à¤°à¤¦à¥‡à¤¶ à¤•à¤¾ à¤†à¤§à¤¿à¤•à¤¾à¤°à¤¿à¤• à¤Ÿà¥à¤µà¤¿à¤Ÿà¤° à¤…à¤•à¤¾à¤‰à¤‚à¤Ÿà¥¤",3461699,222,Lucknow,True,https://t.co/Bz9X3YIOwl,"Uttar Pradesh to bear medical education of NEET topper

Speed up construction of highways: CM Shri @myogiadityanathâ€¦ https://t.co/B9zBW8nX02",140
1321680961214410752,2020-10-29 05:11:11,0,Twitter Web App,1283723867953848321,Vijay Kumar Gupta,A passionate Teacher and devout Physiologist. More than 16 years of experience in teaching Physiology Concept based and MCQ based teaching!,26,147,Navi Mumbai,False,https://t.co/tAjV5xNFTF,"#AcePhysiology For PG 2021 - Higher Functions In Neurophysiology

We will discuss the higher functions and memory aâ€¦ https://t.co/tgo4ttmrh0",140
1321680694091816960,2020-10-29 05:10:07,0,Twitter for Android,283930791,Shahzeb Ahmad,Unapologetic. Muslim. Ex Jamia. Chelsea ğŸ’™,415,434,"New Delhi, India",False,,@PigGod_Jasz @HaritaReddy1 @ANINewsUP Its not the first attempt and 2nd attempt. Its the age. The age is the 2nd paâ€¦ https://t.co/hzHktwRRn3,140
1321680606565076993,2020-10-29 05:09:46,0,Twitter for Android,1026005042,TrueIndian1819,"Doctor , Thinker ,Proud Indian , Cricket buffoon",19,101,India,False,,"@DrRPNishank
@drharshvardhan
@PMOIndia
SirÂ My neet roll no is 2001302077.Â 
During neet counseling when i select quoâ€¦ https://t.co/B4Pg9uUiiV",140
1321680354919522304,2020-10-29 05:08:46,1,Twitter for Android,783443574738325505,Amorelis Lopez,"If I'm busy, I'm watching anime",12,58,"Greensboro, NC",False,,"Beelzebub, Naruto, Yu Yu Hakusho, Deadman Wonderland, Black Clover, Dragon Ball, Hellsing, Gintama
NEET lifeâ€¦ https://t.co/SSM1Hhx1jl",133
1321680327987769345,2020-10-29 05:08:40,0,Twitter for Android,1276931919763120128,Lord Shiva,,11,51,,False,,@DrRPNishank @narendramodi Need neet 2 times NEET,49
1321680222069182468,2020-10-29 05:08:15,0,Twitter Web App,1075440129114804224,AncapPagan ğŸŸ¨â¬›ï¸ (Being Shadowed),"Hi, im ancapPagan. in other words im an Ancap

Founder of Stratagem Oppositioner:

The Campaign to educate the masses by introducing them to anarchist thought.",308,214,America,False,https://t.co/uyQ17sQus1,@OLD_NEET which one? there are like a bajillion police brutality cases,70
1321679712884682753,2020-10-29 05:06:13,0,Twitter Web App,525194421,sidharth,,8,5,,False,,Simple way to eliminate impersonation might be to get candidates to leave thumb prints on attendance sheet or go aâ€¦ https://t.co/Ya1PNRIh0o,139
1321679303331909632,2020-10-29 05:04:36,0,Twitter Web App,2780455357,gbalasubramanian,Chemical engineer,2,82,"Chennai, India",False,,"@sumanthraman Agreeing with @sumanthraman 
India is going into worst direction 
Last year NEET 
This year JEE main",114
1321679261196046337,2020-10-29 05:04:26,0,Twitter Web App,957875773875998720,Oct 28 - Nov 2nd - AIQ DU MQ NRIQ Registrations,"Our 1stBatch 2-yr-program student ALLğŸ‡®ğŸ‡³1st in XII std CBSE Science 2020 492/500 
NEET2020
#4101101220: 679/720",799,24,,False,,"delay in #NEET2020 state merit lists  
ministry of health has not released merit lists to state universities -?â€¦ https://t.co/5uey1J9Uoq",136
1321679139049410560,2020-10-29 05:03:57,0,Twitter for Android,808102308378791936,Viktor Navorski ğŸ´,"#WorkingClass #ITcoolie #ISAuditor #Dravidian #Tamil

follow panriyaada body sodaa?

Blame my fat fingers for the RTs/likes",230,648,Krakozhia,False,,"With or without #NEET, for Tamil Nadu, 7.5% reservation is much needed one for govt school students. It is clearlyâ€¦ https://t.co/dVqqxO3yAU",139
1321679020195344384,2020-10-29 05:03:28,0,Twitter for Android,1317964550,DEBUGGER,{ ğŸŒDebuggingğŸŒ The World ğŸŒ },232,536,in every particle ,False,,@RVCJ_FB I have a friend who attempted all questions in  NEET despite negative markings.. He got 604 scores out ofâ€¦ https://t.co/uM286zOoTK,139
1321678859754893312,2020-10-29 05:02:50,0,Twitter for Android,1317688796402446336,"à¤–à¥à¤°à¥à¤¶à¥€à¤¦ à¤†à¤²à¤®""à¤¸à¥à¤¨à¤¾à¤¤à¤•""","Farmer,prose writer,poet and social activist",2,28,"Kasia Kushinagar, India",False,,@CoolizzN @sakshijoshii @Naveen_Odisha In different institutions there are different rules. It is probably in IAS eâ€¦ https://t.co/QmVUBt0j9q,140
1321678838988906496,2020-10-29 05:02:45,0,Twitter for iPhone,1159092246047686661,ã²ã‚ˆã“è±†,ã‚¢ãƒ³ã‚µãƒ¼æ°‘ã§ã™ ãƒ•ã‚©ãƒ­ãƒ¼ã¯è¿”ã—ã¾ã™,210,218,,False,,@neet_monster ğ“›ğ“ğ“¥ğ“”...,21
1321678625964355585,2020-10-29 05:01:54,0,Twitter Web App,1351402309,sabareesan,,24,122,,False,,"@jothims @RahulGandhi Harichandra sir,  please speak the truth about 2G,  coal scam,  National Herald,  LTTE,  NEETâ€¦ https://t.co/gZWUdhveNs",140
1321678136816340992,2020-10-29 04:59:58,0,Twitter Web App,2918649268,THE_DEPRESSED_OLD_NEET,Its that time of year again.,692,1468,à¸à¹à¹à¹à¹à¹à¹à¹à¹à¹à¹à¹à¹à¹à¹à¹à¹à¹à¹à¹à¹à¹,False,,@LivingScribe Thats a big ass bootlicker,40
1321677939264557062,2020-10-29 04:59:10,0,Twitter Web App,2274480878,Trisha Raj,"~she/her
Not salty, man.",278,642,India,False,,"@DrRPNishank Sir, could you please look into the issue students are facing while trying to register online for UG Nâ€¦ https://t.co/h7fnFVibxn",140
1321677849825218560,2020-10-29 04:58:49,0,Twitter for iPhone,1293487443723694081,Juziâ¤ï¸,Pride ğŸ”¥ || sc -juzars24 artist ğŸŒŸ ustad Kuldeep Manak gğŸŒ¹,181,175,Sorry darling sorry darling,False,https://t.co/QwkIsU1XXQ,@neet__gill ğŸ˜‚ğŸ˜‚realy,19
1321677258533171201,2020-10-29 04:56:28,0,Twitter for Android,1281490032948244480,Parneet,Trust on sirf WAHEGURU!!â¤ğŸ’¯,506,412,Dil vichâ¤ğŸ¤“,False,,@purefolkman ğŸ˜‚ğŸ˜‚ leh noice reason,32
1321676866218938368,2020-10-29 04:54:55,0,Twitter for Android,1260456813180473346,Zen,,66,105,Summer to My Spring,False,https://t.co/CoIIdWTR1i,"A NEET.. Out of everything else, WHY. https://t.co/RA3LnPTcMp",61
1321676745414643713,2020-10-29 04:54:26,0,Twitter for Android,817366908,arvind,"Travel, fitness & cricket. Interest: business, economics & politics. SRCC / FMS.",1573,1298,India,False,,"@ANINewsUP Has UP Govt solved all other issues that they have to take up issues like, rank holder placement in NEET results.",124
1321676744240234497,2020-10-29 04:54:26,0,Twitter for Android,1158281447133704192,Raji S Loganathan,"Striving for Social Equality, teacher",26,112,,False,,@ANINewsUP Thing is this wasnt an issue last year ir before that or whenever NEET started becoz toppers belonged toâ€¦ https://t.co/nJXs1WdZup,140
1321676711168192512,2020-10-29 04:54:18,0,Twitter Web App,2918649268,THE_DEPRESSED_OLD_NEET,Its that time of year again.,692,1468,à¸à¹à¹à¹à¹à¹à¹à¹à¹à¹à¹à¹à¹à¹à¹à¹à¹à¹à¹à¹à¹à¹,False,,"@AncapdeistO Curious tho, what do you think about the current case?",67
1321676694906785792,2020-10-29 04:54:14,0,Twitter for Android,1242533139320156161,Vicky Vishwakarma,#beingbiologist,1,18,,False,,"Please help me i am not able to login even after entering correct roll no. And password for many times
For #neet coâ€¦ https://t.co/1iDnetGC7S",140
1321676544339701760,2020-10-29 04:53:38,0,Twitter for Android,1266603310590488576,Dharanya Muruganantham,"Silence is better than unnecessary dramaâœŒ
Unknown faithğŸ˜˜",2,29,my home,False,,"@CMOTamilNadu à®®à®¾à®£à®µà®°à¯à®•à®³ à®¨à®²à¯à®² à®ªà®Ÿà®¿à®šà¯, à®¨à®²à¯à®² Marks à®µà®¾à®™à¯à®• à®šà¯Šà®²à¯à®±à®¤ à®µà®¿à®Ÿà¯à®Ÿà¯à®Ÿà¯, à®ªà®°à®¿à®šà¯ˆà®¯ à®°à®¤à¯à®¤à¯ à®šà¯†à®¯à¯à®¯ plan à®ªà®©à¯à®±à¯€à®•
 Knowingly r unâ€¦ https://t.co/uAAcSpyje1",140
1321676413947162624,2020-10-29 04:53:07,3,Twitter for Android,1579701253,NSUI Meghalaya,"Official Twitter Handle of National Students' Union of India, Meghalaya",3300,89,Meghalaya,True,https://t.co/vVfkC0eMbx,"Yet another victory for NSUI, we managed to convince the Health Department to speed up in giving out forms for MBBSâ€¦ https://t.co/25I6dF5Nfi",140
1321676304383574016,2020-10-29 04:52:41,4,Twitter for Android,712516353920471041,Deepak Amin,,51,111,"Mumbai, India",False,,@DrRPNishank all parents are anxiously waiting for the MCC site to work properly.Almost 2 days and the NEET UG AIQâ€¦ https://t.co/rCrRqoBneY,139
1321675954058526720,2020-10-29 04:51:17,0,Twitter Web App,1257569594006548480,Harini Mehrotra,"Student, Taken drop to prep for JEE and NEET",2,6,,False,,"#NEET To all those stating that Aakansha must be given first rank because sheâ€™s younger, that is not true. Firstly,â€¦ https://t.co/yaomVeIvab",140
1321675864153579520,2020-10-29 04:50:56,0,Twitter Web App,1214348947361157120,Sabah | #FreeUmar #ReleaseAllPoliticalPrisoners,"*Twitter only for shitposting & propaganda*
Feel the need from time-to-time to add: Atheist & Leftist; trolls can refrain from argumentative idiocy accordingly",1215,201,delhi-punjab,False,https://t.co/n4NHbJhFbb,woke up to 2 whatsapp group sharing news of adityanath saying itâ€™s necessary to declare akanksha singh as NEET toppâ€¦ https://t.co/4BjaVUjWN0,140
1321675665142243328,2020-10-29 04:50:08,1,Twitter Web App,1132265660426285056,Formity.AI,"Formity Information & Advisory for MBBS , PG , SS, BDS & MDS",53,0,"New Delhi, Delhi, India.",False,https://t.co/GsLidHJL9f,"NEET UG : AIIMS official seat matrix 2020-21 session
#NEET2020 https://t.co/VN6auuRrat",86
1321675621173391361,2020-10-29 04:49:58,0,Twitter Web App,1304478511478972417,Prerna Ambardar,"How Can It Be Love, If It Is Easy ?",6,35,,False,,"Watch ""1K Special Q and Aâœ¨ | NEET, Specialization, College, Procrastination, School and 10th Marks, BTS"" on YouTube https://t.co/MrSoVzBYaQ",139
1321675178863022080,2020-10-29 04:48:12,0,Twitter Web App,1299891176212852737,Shubhanshu ğŸ‡®ğŸ‡³ğŸ‡®ğŸ‡³,Neet aspirant.. https://t.co/KGFlqc9ql5,362,492,"Bareilly, India",False,,@JoysaKaushik I'm neet students.. tbhi smjh na aya.ğŸ˜…ğŸ˜… Shyd jyada important hota h maths me logarithm,100
1321674756513386501,2020-10-29 04:46:32,0,Twitter for Android,1158281447133704192,Raji S Loganathan,"Striving for Social Equality, teacher",26,112,,False,,"@noorjahans2 @ANINewsUP NEET started just a few years back by this govt. Not even started, but imposed upon poor buâ€¦ https://t.co/YjT0ERO49m",140
1321674754198294528,2020-10-29 04:46:31,1,IFTTT,1172039516598632449,Career Media,"NEET 2020 Preparation, Online test series free,Neet Study Material Free Download,Allen test series,Neet Ug/Pg Counselling Guidance Services",19,1,,False,https://t.co/4bc13AQRaz,"MCC Counseling Payment Problem ğŸ”¥ Login Issue ProblemğŸ”¥NEET UG COUNSELING REGISTRATION PROCESS

https://t.co/BoJY8aIWWr",117
1321674501000585216,2020-10-29 04:45:31,0,Twitter for iPhone,1274965225469607941,Mridul Bhardwaj,Probably thinking,26,38,"New Delhi, India",False,,Iâ€™ve been trying to do my #NEET counselling registration for almost 18 hours now and have been encountering the samâ€¦ https://t.co/W36yLbYamz,140
1321674080613879809,2020-10-29 04:43:50,0,twittbot.net,2490257334,No.17 ã‚ãšã‚Œãã¨,,5,24,,False,,NEET,4
1321673882386931717,2020-10-29 04:43:03,0,Twitter Web App,3297031064,Aatmik Mittal,"Secular
My religion is humanity
Ideology: Centre-left",37,451,,False,,"@dalpats94453343 @sakshijoshii @Naveen_Odisha When you fill the form of NEET or JEE, you agree to the terms and conâ€¦ https://t.co/x67t4mk27k",140
1321673400020922368,2020-10-29 04:41:08,13,Twitter for Android,1289081912632332288,JEE/NEET Batch 2020,"Changed Username I'D from @NoExamsin2020 to @student0PâœŒï¸

Follow my Page for all Updates and Discussion on all Students MattersğŸ™",13638,885,,False,,"JEE Mains Topper from ASSAM arrested for fraud in MAINS Exam.
He Scored 99.8% but by using Proxy.

Another Studentâ€¦ https://t.co/AYQu8nXSU1",139
1321673041751887873,2020-10-29 04:39:43,0,Twitter for Android,1474752253,Sulthan,"#LFC!
Adventure lover!",98,487,India,False,,#NEET itself an biggest scam. https://t.co/jWtnOiuQhw,53
1321672477026779138,2020-10-29 04:37:28,20,Twitter for Android,891648421978816512,à®¨à®¿à®µà®¿â£ï¸,"DMK ğŸŒ„  à®•à®²à¯ˆà®à®°à¯ ğŸ•¶ï¸  à®ªà¯†à®°à®¿à®¯à®¾à®°à¯ğŸ’–
â¤ï¸ğŸ–¤",280,1861,India,False,,"The main issue in TN right now are : 
7.5% reservation for govt school
50% reservation for OBC
NEET 
Fuel price 

Bâ€¦ https://t.co/gK8eqa2nmq",140
1321672426506379264,2020-10-29 04:37:16,0,Twitter Web App,1220759191,IVn XV [THANK YOU SYMPHOGEAR],"I love Yuri, Horror, Drama, Psychological thriller, Music, anime and videogames. Symphogear & WHEN THEY CRY are my obsession. ENG/ESP.

I may post SPOILERS.",150,189,Symphoheaven,False,,"I'm an absolute idiot. Just now I realize this.

Now I know why it sounded familiar. 

Well then, guess now I can aâ€¦ https://t.co/wiUFZNnYrt",140
1321671368832815105,2020-10-29 04:33:04,1,Twitter for Android,1276412370156322816,klsudarshan,It's not my profile picture. it is my friend's childhood pic.,15,12,"Vijayawada, India",False,,Did anyone filled and locked the choices in neet counseling 2020? If yes pls help me.,85
1321671044617306112,2020-10-29 04:31:47,1,Twitter Web App,3016226641,SAVITRAKSHI SAMACHAR - (Har khabar aap tak),"savitrakshisamachar16@gmail.com
https://t.co/mJajIxkn3h",17,152,"Lucknow, India",False,,@DrRPNishank mcc is making fool of students who had qualified Neet 2020.From 28 oct the councelling and choice fillâ€¦ https://t.co/kVxY8kLA3u,140
1321670734549196800,2020-10-29 04:30:33,0,Twitter for Android,1170414237908234240,Raavan Rofl Gobhi ğŸ¹,"Parody | This #Thoo shall pass. 
#BLD(U) me hain. #EuropeanHistory. #Blog, Sasta #Poet. Not #Neutral. 23 ka hun, BJP ki kasam.",773,262,,False,https://t.co/tewVXjudME,Nothing more than another way of making bhakts Chutiya. Yogi knows the rules of NEET rankings. These rules have beeâ€¦ https://t.co/aNQuOFgYR5,140
1321670669839466497,2020-10-29 04:30:17,1,Twitter for Android,1170414237908234240,Raavan Rofl Gobhi ğŸ¹,"Parody | This #Thoo shall pass. 
#BLD(U) me hain. #EuropeanHistory. #Blog, Sasta #Poet. Not #Neutral. 23 ka hun, BJP ki kasam.",773,262,,False,https://t.co/tewVXjudME,@ANINewsUP Nothing more than another way of making bhakts Chutiya. Yogi knows the rules of NEET rankings. These rulâ€¦ https://t.co/p5b90C2FzX,140
1321669901644259330,2020-10-29 04:27:14,0,Twitter for Android,1281490032948244480,Parneet,Trust on sirf WAHEGURU!!â¤ğŸ’¯,506,412,Dil vichâ¤ğŸ¤“,False,,@Rajveer83795113 AshağŸ˜‚,22
1321669799571718145,2020-10-29 04:26:50,0,Twitter for Android,1317688796402446336,"à¤–à¥à¤°à¥à¤¶à¥€à¤¦ à¤†à¤²à¤®""à¤¸à¥à¤¨à¤¾à¤¤à¤•""","Farmer,prose writer,poet and social activist",2,28,"Kasia Kushinagar, India",False,,@CoolizzN @sakshijoshii @Naveen_Odisha A good joke by you. In NEET exam age matters. You should check the rules.,112
1321669759407067137,2020-10-29 04:26:40,1,Twitter for Android,295663093,shankar choudhary,,2,6,,False,,"@DrRPNishank students are facing a lot of issues in applying for neet counseling, yesterday after 6-7 attempt I wasâ€¦ https://t.co/VdsCjkB4ZD",140
1321669483203715073,2020-10-29 04:25:34,2,Twitter for iPhone,1273102655536193540,Sandip Das,,2,2,,False,,@DrRPNishank Registered for neet ug counseling today morning. Got sms that registration done. However not able to lâ€¦ https://t.co/zKilwaK3Jc,140
1321669228886253568,2020-10-29 04:24:34,0,Twitter Web App,179053676,Shamaun Alam ğŸ¹,Data science and AI instructor | politically left because that's right | #teambaan,134,288,,False,,@vivekagnihotri So the rules need to be bent just to pander to your ego? The rules of Tie breaking in NEET are in pâ€¦ https://t.co/Z1AMjjQFUl,140
1321669166986743808,2020-10-29 04:24:19,1,Twitter for iPhone,806056225540542465,à¤‰à¤¦à¤¯ à¤¨à¤¾à¤°à¤¾à¤¯à¤£ à¤ªà¤¾à¤£à¥à¤¡à¥‡à¤¯ Adv,In this World everyone birth and die but after death also somebody bright like a Son why..? think and do something...,157,164,Varanasi UP India,False,,"100 students took admission in BAMS Cours in Santushti Ayurvedic Medical College Mirzapur UP through
NEET COUNCILINâ€¦ https://t.co/JoxAolzpSN",140
1321669040549425153,2020-10-29 04:23:49,2,Twitter for iPhone,99568458,Salem Dharanidharan,"Entrepreneur. Former Youth leader to World Democracy Forum and United Nations. SBOA, NIT, SciencesPO, Paris, @Oxford University alum. Proud DMK man!",1215,686,"Chennai, India",False,,"When I joined #Nit in 2007, there were more than two dozen students ,from Up/Bihar/ Mp, who had cleared Aieee- entrâ€¦ https://t.co/ejJsYfesa3",140
1321668585136087040,2020-10-29 04:22:00,0,Twitter Web App,1040286969929105417,anam ğŸ¦‹ studying era,"#LOUIS: Billie Jean, not my lover.  
Ã—ÍœÃ— â€¢ Â²â¸ | TPWK | LARRIE AT ğŸ’“â€¢ 17 â€¢ she/her | desi af",1066,1240,"Mumbai, India",False,,manifesting NEET to happen on time next year so I might have a slight chance at seeing louis in Dubai hsjhdjhd,110
1321668111574142976,2020-10-29 04:20:07,0,Twitter for Android,1115770135,SymphonysBliss@GBF/MagiaRecord/SIFAS/ACNHğŸ’–,,156,1381,,False,,"@ExpertDual Bruh sick!!!! I have the starlight, @KaiserDandy has normal keyblade and you have way to dawn, neet!",112
1321668026555539458,2020-10-29 04:19:47,1,Twitter Web App,21002587,Tufail Ahmad,"""During times of universal deceit, telling the truth becomes a revolutionary act"" â€“ George Orwell. Writer. Ex: BBC, PTI. AMU, JNU, IIMC, King's College London.",74327,7195,The Milky Way,True,https://t.co/gocbwjAKeY,"This is good performance by an institution. But to keep the overall context in mind, about 775000 students qualifieâ€¦ https://t.co/t6b46T4rXE",140
1321667948088496129,2020-10-29 04:19:28,0,Twitter for Android,1317688796402446336,"à¤–à¥à¤°à¥à¤¶à¥€à¤¦ à¤†à¤²à¤®""à¤¸à¥à¤¨à¤¾à¤¤à¤•""","Farmer,prose writer,poet and social activist",2,28,"Kasia Kushinagar, India",False,,@DeepakK56829962 @sakshijoshii @Naveen_Odisha Do you know the rules and regulation of NEET?,91
1321667449146597376,2020-10-29 04:17:29,0,Twitter for iPhone,15042244,Dravida Raja,à®•à®°à¯à®¤à¯à®¤à®¾à®³à®¿ | Thinker | à®¤à®®à®¿à®´à¯ à®ªà®±à¯à®±à®¾à®³à®©à¯ | à®ªà®•à¯à®¤à¯à®¤à®±à®¿à®µà®¾à®³à®©à¯ | Rationalist | à®¤à®¿à®°à¯à®•à¯à®•à¯à®±à®³à¯ à®ªà®±à¯à®±à®¾à®³à®°à¯ | à®…à®°à®šà®¿à®¯à®²à¯ à®ªà®¿à®°à®¿à®¯à®°à¯ | Political aficionado | à®®à¯†à®©à¯à®ªà¯Šà®±à®¿à®¯à®¾à®³à®°à¯ | IT Manager,37,293,"iPhone: 37.544327,-121.978905",False,,@desiyathamilan @vasantalic @TamilTheHindu Entire people of Tamil Nadu  and all big TN political parties except BJPâ€¦ https://t.co/5XZw7AL1Zs,140
1321667170632454144,2020-10-29 04:16:23,0,Twitter Web App,948669313166258181,Shannon Oâ€™Toole,USCxBOSTON,0,7,,False,,@368Socy NEET: not educate employed or training. This was to describe the subculture of those who felt checked outâ€¦ https://t.co/nqWoN6jtrT,139
1321667139426611201,2020-10-29 04:16:16,0,Twitter Web App,920011048081485824,Soycel ğŸŸ¢,"More than this, capitalist society is death organized with all the appearances of life.",745,416,Yo Momma,False,,"@tadanomxm bc i have a life and academic responsibilities, tadano, i am not a femboy NEET thirsty for attention, tadano.",120
1321666821221572608,2020-10-29 04:15:00,0,TweetDeck,1067361803573841921,IE Education Jobs,,6228,2,"Noida, India",False,https://t.co/njoyTJGked,"#UttarPradesh to write to #NEET2020 officials, seek topper tag for state girl

https://t.co/toGYSYidX5",102
1321666766943051776,2020-10-29 04:14:47,0,Twitter Web App,1292463613383385088,Ajay Wagh,,0,4,"New Mumbai
",False,,"@CMOMaharashtra 
to respected sir already due to pandemic year we already loss lot of time I request you sir pleaseâ€¦ https://t.co/Qy8pyaMHqf",140
1321666697938399232,2020-10-29 04:14:30,0,Twitter for Android,820097630369824768,Mr. A Bear,,1703,567,Australia,False,,"@babygourami If the 20y/o female didn't want a bf who is more interested in being a neet than starting a family, maâ€¦ https://t.co/96xjD86QTh",140
1321666451283980291,2020-10-29 04:13:32,0,Twitter for Android,1318773511968620544,Yâ‚’áµ¤áµ£ fâ‚â‚œâ‚•â‚‘áµ£ğŸ˜¤,"à¨¸à¨­ à¨¦à¨¾ à¨¹à©€ à¨•à¨°à©€à¨¦à¨¾ à¨ â¤à¨¦à¨¿à¨²à©‹ à¨¸à©±à¨œà¨£à¨¾,à¨•à©‹à¨ˆ à¨µà¨°à¨¤à©‡ à¨œà¨¾à¨‚ à¨ªà¨°à¨–à©‡ à¨“à¨¹ à¨—à©±à¨² à¨µà©±à¨–à¨°à©€â˜º",126,104,à¨˜à¨°à©‡ à¨¤à©à¨¹à¨¾à¨¡à©‡ğŸ¤­,False,https://t.co/bLHO0NF0Vt,@neet__gill Oh acha ğŸ‘,21
1321666265979650050,2020-10-29 04:12:47,1,Twitter Web App,71221545,India,,10,7,,False,,"@DrRPNishank Dear Sir, in MCC web site for NEET counseling, we are unable to finish the application form.  If the Câ€¦ https://t.co/gLXDnIIE2r",140
1321665963863941120,2020-10-29 04:11:35,0,Twitter for Android,1318773511968620544,Yâ‚’áµ¤áµ£ fâ‚â‚œâ‚•â‚‘áµ£ğŸ˜¤,"à¨¸à¨­ à¨¦à¨¾ à¨¹à©€ à¨•à¨°à©€à¨¦à¨¾ à¨ â¤à¨¦à¨¿à¨²à©‹ à¨¸à©±à¨œà¨£à¨¾,à¨•à©‹à¨ˆ à¨µà¨°à¨¤à©‡ à¨œà¨¾à¨‚ à¨ªà¨°à¨–à©‡ à¨“à¨¹ à¨—à©±à¨² à¨µà©±à¨–à¨°à©€â˜º",126,104,à¨˜à¨°à©‡ à¨¤à©à¨¹à¨¾à¨¡à©‡ğŸ¤­,False,https://t.co/bLHO0NF0Vt,@neet__gill Good good vadia gall aağŸ˜,36
1321665614637838337,2020-10-29 04:10:12,0,Instagram,1086242617053143040,IIHM Delhi,"100% Global Exposure & Placements, Dual Certification From UK & UGC, Industry Experts. Top Placements, International Internship, Real Time Training.",460,224,,False,,"ECPT
BEFORE JEE
BEFORE AIMEE
BEFORE GATE 
BEFORE NEET 
KNOW WHAT CAREER SUITS 
YOU BEST 

#ecpt #eduguyâ€¦ https://t.co/b0p9qVMQNl",128
1321665514121297921,2020-10-29 04:09:48,0,Twitter for Android,1276854745605406725,R Chandrasekar ğŸ‡®ğŸ‡³,,11,207,,False,,"@MoHFW_INDIA  Sir, when we are trying to apply for AIQ for UG Counselling NEET from Chennai,we are not able to passâ€¦ https://t.co/RbJL7q33F5",140
1321664338898296833,2020-10-29 04:05:08,6,Twitter Web App,768396071097737216,Anu Tomar,"Proud Indian. 
#WomenEmpowerment.ğŸ™",3620,1922,Rajasthan,False,,"Meet Arvind Kumar, 26 yr old boy from UP, who is son of a Scrap dealer &amp; he cleared the #NEET exam in his 9th attemâ€¦ https://t.co/nNvemcNWUh",144
1321663943253790720,2020-10-29 04:03:34,0,twittbot.net,1577531275,MOVED,At @dareal_momo mostly here for hte memories. *fall out boy plays in background*,197,95,THIS IS BASICALLY A BOT,False,,and then theres my bro the neet #MomoBot,40
1321663737082728449,2020-10-29 04:02:44,0,Twitter Web App,933551882072502273,LARS MEDICARE,"Lars Medicare Pvt. Ltd. is a #Medical #Disposable Device Manufacturing company. We Manufacture various products like #IVCannula, safetyIVCannula, etc",77,437,"New Delhi, India",False,https://t.co/vcQIJRGPBs,"3 Ply Face Masks, manufactured by Lars Medicare.
3 Layers of filtration.
Breathable &amp; Skin-friendly fabric.â€¦ https://t.co/xePqrSWzNP",136
1321663457419145216,2020-10-29 04:01:38,0,Twitter for Android,1151158596719149057,Ashish Yadav,still I m exploring myselfâ˜ºâ˜ºâ˜º,15,25,,False,,@Ashutos30017552 @CMOfficeUP @myogiadityanath @UPGovt Neet all India k level pr hota h aur aage smjhdar ho,106
1321661405150371840,2020-10-29 03:53:28,0,Twitter Web App,1053949760686571520,realinclusiveindian,indian,120,463,Dreamland.,False,,@ANINewsUP Dhongi yogi has not gone any school in his life and he is trying to dictate neet!,92
1321661007501033473,2020-10-29 03:51:54,0,Twitter for Android,113083643,à¤°à¤¾à¤¤ à¤•à¤¾ à¤¸à¥ˆà¤¨à¤¿à¤Ÿà¤¾à¤‡à¤œà¤°- à¤¡à¥‹à¤—à¤¾,"Alter ego Inspector Suraj !!!  
Retweets = non monetized endorsements and I'm NOT PREPARING FOR UPSC",2603,87,Akhand Bharat,False,https://t.co/7xgVO53z0y,"@ashishattri201 I'm neither, I'm a teacher. I teach CSE and NEET aspirants.",75
